-- MySQL dump 10.17  Distrib 10.3.16-MariaDB, for Linux (x86_64)
--
-- Host: localhost    Database: dhruval_5CEITMP2
-- ------------------------------------------------------
-- Server version	10.3.16-MariaDB-cll-lve

/*!40101 SET @OLD_CHARACTER_SET_CLIENT=@@CHARACTER_SET_CLIENT */;
/*!40101 SET @OLD_CHARACTER_SET_RESULTS=@@CHARACTER_SET_RESULTS */;
/*!40101 SET @OLD_COLLATION_CONNECTION=@@COLLATION_CONNECTION */;
/*!40101 SET NAMES utf8mb4 */;
/*!40103 SET @OLD_TIME_ZONE=@@TIME_ZONE */;
/*!40103 SET TIME_ZONE='+00:00' */;
/*!40014 SET @OLD_UNIQUE_CHECKS=@@UNIQUE_CHECKS, UNIQUE_CHECKS=0 */;
/*!40014 SET @OLD_FOREIGN_KEY_CHECKS=@@FOREIGN_KEY_CHECKS, FOREIGN_KEY_CHECKS=0 */;
/*!40101 SET @OLD_SQL_MODE=@@SQL_MODE, SQL_MODE='NO_AUTO_VALUE_ON_ZERO' */;
/*!40111 SET @OLD_SQL_NOTES=@@SQL_NOTES, SQL_NOTES=0 */;

--
-- Table structure for table `choice_filling`
--

DROP TABLE IF EXISTS `choice_filling`;
/*!40101 SET @saved_cs_client     = @@character_set_client */;
/*!40101 SET character_set_client = utf8 */;
CREATE TABLE `choice_filling` (
  `choice_id` int(6) NOT NULL AUTO_INCREMENT,
  `roll_no` varchar(8) NOT NULL,
  `partner_roll_no` varchar(8) NOT NULL,
  `choice_1` int(6) NOT NULL,
  `choice_2` int(6) NOT NULL,
  `choice_3` int(6) NOT NULL,
  `choice_4` int(6) NOT NULL,
  `choice_5` int(6) NOT NULL,
  `choice_6` int(6) NOT NULL,
  `choice_7` int(6) NOT NULL,
  `choice_8` int(6) NOT NULL,
  `choice_9` int(6) NOT NULL,
  `choice_10` int(6) NOT NULL,
  `choice_11` int(6) NOT NULL,
  `choice_12` int(6) NOT NULL,
  `choice_13` int(6) NOT NULL,
  `choice_14` int(6) NOT NULL,
  `choice_15` int(6) NOT NULL,
  `choice_16` int(6) NOT NULL,
  `choice_17` int(6) NOT NULL,
  `choice_18` int(6) NOT NULL,
  `choice_19` int(6) NOT NULL,
  `choice_20` int(6) NOT NULL,
  `choice_21` int(6) NOT NULL,
  `choice_22` int(6) NOT NULL,
  `choice_23` int(6) NOT NULL,
  `choice_24` int(6) NOT NULL,
  `choice_25` int(6) NOT NULL,
  PRIMARY KEY (`choice_id`)
) ENGINE=InnoDB AUTO_INCREMENT=125 DEFAULT CHARSET=latin1;
/*!40101 SET character_set_client = @saved_cs_client */;

--
-- Dumping data for table `choice_filling`
--

LOCK TABLES `choice_filling` WRITE;
/*!40000 ALTER TABLE `choice_filling` DISABLE KEYS */;
INSERT INTO `choice_filling` (`choice_id`, `roll_no`, `partner_roll_no`, `choice_1`, `choice_2`, `choice_3`, `choice_4`, `choice_5`, `choice_6`, `choice_7`, `choice_8`, `choice_9`, `choice_10`, `choice_11`, `choice_12`, `choice_13`, `choice_14`, `choice_15`, `choice_16`, `choice_17`, `choice_18`, `choice_19`, `choice_20`, `choice_21`, `choice_22`, `choice_23`, `choice_24`, `choice_25`) VALUES (1,'17BCE058',' ',69,179,176,9,10,116,119,187,62,117,122,231,72,96,97,114,121,129,196,160,40,41,73,75,98),(2,'17BCE009','17BCE003',205,67,15,36,33,18,71,47,48,70,91,180,49,181,146,203,38,182,115,55,202,216,233,16,92),(3,'17BCE099',' ',74,75,117,121,97,114,187,116,72,96,41,185,62,112,119,152,39,40,104,159,207,169,175,168,162),(4,'17BCE059',' ',196,179,160,98,10,39,72,152,129,14,41,7,69,29,30,31,32,171,162,209,211,213,176,117,104),(5,'17BIT056','17BIT058',212,235,234,236,153,15,16,33,17,19,49,149,148,182,181,202,91,71,70,57,67,203,111,38,106),(6,'17bce048','17BIT055',58,180,144,16,38,57,153,202,111,18,15,17,49,36,19,33,48,55,71,70,115,149,182,203,67),(7,'17BIT105','17BIT104',202,57,204,33,203,70,38,111,48,205,115,36,18,19,15,16,17,181,91,71,88,5,107,23,67),(8,'18BCE367','18BCE369',111,57,70,91,204,33,36,15,16,18,38,49,48,148,181,149,202,203,235,234,236,115,67,55,106),(9,'17BIT015','17BIT018',38,106,70,203,183,181,234,208,55,48,17,217,103,195,193,37,49,60,125,167,192,148,202,182,147),(10,'17BCE019','17BCE018',70,153,58,57,17,202,38,105,71,111,115,48,149,181,212,107,15,36,91,203,33,49,67,106,183),(11,'17BIT101','17BIT103',16,181,202,203,205,234,235,38,15,115,19,70,18,17,33,34,71,91,113,182,55,67,107,49,48),(12,'17BCE093','17BCE096',143,59,20,23,24,26,22,15,1,18,19,2,17,6,16,11,5,4,3,43,57,63,36,25,58),(13,'17BIT177','17BIT160',67,181,182,38,113,145,2,202,208,82,71,15,55,53,87,88,89,90,91,123,125,146,142,193,217),(14,'17BIT035','17BIT016',223,48,58,82,93,103,193,70,106,167,192,203,183,181,234,217,37,200,153,59,38,44,125,17,49),(15,'18BCE376','18BCE374',15,16,38,48,55,67,107,148,235,236,149,181,18,49,33,71,36,234,92,91,70,182,17,202,203),(16,'17BIT040','17BIT039',95,23,186,61,63,134,204,101,198,11,26,65,79,156,161,191,219,130,140,35,3,42,47,56,59),(17,'17BCE057',' ',30,29,170,171,175,168,39,169,21,13,114,122,74,177,10,31,7,119,14,9,229,97,32,96,230),(18,'17BIT086','17BIT069',57,70,111,92,202,236,123,38,47,204,49,48,2,11,5,67,235,182,107,18,91,198,6,156,106),(19,'17BCE007','17BCE012',16,235,67,48,70,71,234,115,106,181,202,203,205,47,204,38,17,236,57,148,111,49,51,153,180),(20,'17BIT070','17BIT071',48,49,33,38,16,15,36,35,57,235,106,67,80,148,181,182,236,203,55,205,212,71,107,99,103),(21,'17BCE065','17BCE068',81,79,124,118,236,219,23,214,57,70,95,180,43,88,153,54,94,184,210,142,144,89,174,149,140),(22,'17BIT051','17BCE103',16,48,15,111,235,38,202,149,203,49,123,55,60,205,233,35,64,93,56,42,37,232,52,234,184),(23,'17BIT116','17BIT111',206,200,201,82,38,99,37,222,214,95,163,198,235,70,212,16,49,48,193,103,65,2,80,26,141),(24,'17BIT057','17BIT026',54,65,61,59,63,64,108,109,139,145,181,223,6,219,11,5,56,200,76,48,99,156,155,161,199),(25,'17BCE029','17BIT030',193,93,77,143,2,1,219,78,23,65,3,35,25,26,60,61,59,58,5,79,130,165,163,190,191),(26,'18BIT152','18BIT154',153,19,67,106,17,23,144,38,48,61,137,77,93,125,192,193,205,103,190,59,16,111,79,58,120),(27,'17BCE130','17BCE045',92,235,16,38,48,45,57,70,58,107,125,220,217,137,36,91,214,234,67,106,33,71,181,182,103),(28,'17BIT093','17BIT109',11,37,82,142,52,208,87,90,212,156,201,56,163,225,130,60,28,113,124,46,155,193,140,146,222),(29,'17BIT020','17BIT013',145,99,200,35,163,3,198,60,79,5,59,22,172,199,201,57,93,165,181,235,33,61,65,80,182),(30,'17BIT033','17BIT024',5,23,93,143,223,198,200,118,2,193,192,53,59,25,35,99,145,217,164,77,136,11,3,6,24),(31,'17BCE092','17BCE091',203,107,92,58,115,48,202,17,91,57,111,70,105,149,67,36,15,38,212,113,16,71,106,49,56),(32,'17BIT122','17BIT126',225,192,5,198,15,90,127,70,115,145,147,219,217,146,59,23,26,111,200,25,22,16,203,193,106),(33,'18BCE368','18BCE372',111,203,16,36,70,15,92,91,202,18,182,55,115,17,51,65,99,200,110,93,54,79,165,81,153),(34,'17BIT073','17BIT102',222,5,125,174,143,198,223,2,191,95,192,156,59,203,193,82,141,195,67,103,181,38,48,100,172),(35,'17BIT054','17BIT031',38,48,67,106,70,107,203,205,33,15,36,57,71,236,202,16,58,235,92,181,206,17,49,148,147),(36,'17BIT064','17BIT063',49,42,235,193,202,156,212,219,23,38,48,56,57,64,71,100,143,137,191,147,153,166,181,183,16),(37,'17BCE106','17BCE105',58,70,106,57,59,49,144,38,125,219,5,92,180,198,36,234,164,67,24,71,42,193,235,181,143),(38,'17BIT097','17BIT115',37,142,38,18,16,82,5,70,106,67,153,49,103,48,110,184,193,212,163,113,146,198,165,140,136),(39,'16BIT030','17BIT007',48,38,17,92,202,23,148,49,165,5,57,67,55,93,107,149,180,234,205,236,206,204,203,219,214),(40,'17BIT053','17BIT060',105,181,144,180,15,48,225,38,71,91,235,92,36,103,107,111,153,219,212,205,5,67,137,233,2),(41,'17BIT078','17BIT074',143,5,236,38,57,223,222,214,205,193,174,16,19,103,48,71,91,107,180,217,235,234,65,67,78),(42,'18BCE355',' ',13,29,30,31,39,73,128,133,171,230,168,104,131,170,177,227,229,176,175,32,213,228,69,162,169),(43,'18BIT174','17BIT178',15,33,70,57,38,71,111,181,235,16,17,144,208,82,142,87,107,115,203,182,48,67,36,37,232),(45,'17BIT087','16BIT047',125,15,36,219,2,59,208,212,210,47,111,115,156,192,191,38,17,106,107,136,163,235,164,70,193),(46,'17BCE076','17BCE073',26,143,5,2,157,223,23,219,65,17,15,38,48,212,67,140,70,161,198,164,11,93,25,53,59),(47,'17BCE094',' ',228,162,32,229,169,159,14,112,177,168,175,75,170,133,131,129,29,230,97,152,117,39,9,231,10),(48,'17BCE124','17BCE121',235,48,203,91,67,107,115,205,206,212,16,49,38,153,18,15,33,36,145,99,163,3,35,200,5),(49,'17BIT027','17BIT017',192,93,99,17,145,5,106,70,48,35,16,58,111,38,67,51,47,147,198,200,65,219,181,144,164),(50,'17BCE089','18BCE375',23,38,48,70,71,91,113,92,181,235,186,103,115,16,17,37,56,108,111,183,182,148,191,212,205),(51,'17BIT113','17BIT120',137,23,48,19,115,144,92,38,16,57,70,91,108,109,11,59,143,219,212,151,50,106,165,235,153),(52,'17BIT114','17BIT096',48,16,38,67,235,203,70,57,111,202,205,204,49,23,3,145,99,65,61,156,5,198,141,125,19),(53,'17BIT047','17BCE080',181,71,180,234,38,48,70,203,33,15,36,49,92,235,16,67,91,107,208,23,65,144,57,202,88),(54,'17BIT089','17BIT092',65,201,61,50,165,5,6,59,156,22,53,109,143,222,3,214,93,11,223,221,200,190,130,60,138),(55,'18BIT164','18BIT155',212,88,118,58,16,111,113,180,144,89,93,210,202,204,184,156,87,92,120,181,91,192,236,125,234),(56,'17BCE028','17BCE033',3,35,219,220,79,16,23,236,235,193,192,82,100,15,28,143,1,110,99,125,145,232,33,59,101),(57,'18BCE351','18BCE364',15,16,49,48,67,70,103,107,111,118,149,165,193,203,235,236,181,42,191,198,199,26,192,200,205),(58,'17BCE136','17BCE039',35,145,5,38,48,67,70,147,23,125,156,123,153,235,144,92,49,16,15,107,137,183,234,236,174),(59,'17BCE084','17BCE088',89,103,203,88,137,5,107,220,37,38,115,113,219,90,48,166,47,184,67,167,183,87,218,142,225),(60,'17BIT106',' ',7,13,14,41,62,72,114,116,117,119,121,129,131,133,187,209,226,227,229,231,152,189,207,211,213),(61,'17BCE110','17BIT112',2,217,193,195,26,192,93,145,163,35,37,70,200,142,82,16,235,223,139,59,65,208,6,11,87),(62,'17BCE078','17BCE025',156,143,23,110,93,57,15,33,71,38,200,59,145,2,20,67,202,48,70,61,65,5,92,35,199),(63,'17BIT094','17BIT076',203,17,70,167,53,49,67,91,38,18,103,16,198,125,163,37,82,184,208,210,48,15,205,71,5),(64,'17BCE125','17BCE054',38,67,16,149,181,153,33,15,235,203,91,107,70,58,123,205,182,57,55,36,49,111,48,92,115),(65,'17BIT029','17BIT052',49,38,144,93,125,165,192,219,100,208,193,106,70,137,115,15,2,5,48,71,92,113,107,111,147),(66,'17BIT010','17BIT011',143,192,193,93,172,23,167,77,2,59,102,1,60,219,61,125,173,195,220,223,26,25,27,53,65),(67,'17BCE104','17BCE108',172,99,5,2,225,1,145,217,3,26,78,219,200,23,44,220,20,27,43,221,28,6,25,22,24),(68,'17BIT157',' ',170,171,169,168,29,30,21,31,159,73,128,131,133,39,14,72,117,129,177,189,230,213,175,227,116),(69,'18BIT163','18BIT169',70,16,111,57,38,67,181,182,205,236,235,208,210,204,203,144,148,88,55,37,36,33,15,91,103),(70,'17BCE137','17BCE082',147,183,144,23,137,174,48,151,42,220,223,54,125,180,156,167,219,5,233,198,181,106,44,92,195),(71,'17BIT100','17BIT099',205,49,67,15,23,33,82,48,180,60,99,17,91,219,94,232,55,203,16,1,2,18,36,19,5),(72,'18BIT175','18BIT165',57,5,15,16,23,37,38,47,67,81,103,235,181,236,2,22,36,201,234,148,91,205,212,71,202),(73,'17BIT079','17BIT082',5,16,38,45,48,70,91,103,125,148,151,180,202,235,23,37,55,58,106,126,217,34,172,234,56),(74,'17BCE055','17BCE051',48,137,125,38,206,23,67,15,219,225,181,17,16,56,126,70,153,202,236,33,36,214,235,180,183),(75,'17BIT036','17BIT041',60,156,200,221,35,145,65,190,198,224,22,141,11,150,201,5,137,110,93,219,220,192,180,42,23),(76,'17BCE005','17BCE002',153,214,144,203,106,38,67,92,147,107,5,34,28,24,35,63,58,225,18,16,15,19,235,123,103),(77,'17BCE020','17BCE047',5,198,61,65,95,99,3,143,145,161,163,200,201,26,156,174,190,199,223,54,56,44,80,58,106),(78,'18BCE373','17BCE174',235,15,16,36,38,57,70,106,107,149,181,182,203,204,236,153,67,91,111,202,219,234,180,33,49),(79,'17BCE001','17BCE134',3,147,63,16,145,193,64,2,139,163,59,167,99,141,200,48,201,186,101,195,172,17,82,155,134),(80,'18BCE363','18BCE356',15,16,49,48,70,103,107,118,140,149,165,193,203,235,139,181,2,67,91,26,38,47,105,180,219),(81,'17BIT088','17BIT084',38,70,48,16,106,180,181,91,15,236,71,23,57,26,235,18,63,37,107,153,182,199,5,214,232),(82,'17BCE037',' ',229,175,230,13,176,228,170,112,29,30,14,32,21,69,179,171,177,39,196,131,168,188,116,231,169),(83,'17BCE112','17BCE123',60,61,25,186,101,35,172,102,109,44,34,127,138,165,198,220,143,5,57,53,173,58,59,110,200),(84,'17BCE046',' ',69,230,228,229,112,116,117,185,177,176,175,73,187,188,189,66,72,74,75,9,39,40,41,96,215),(85,'17BIT119','17BCE040',225,118,43,81,120,158,17,56,26,144,154,38,70,153,16,93,139,138,92,71,36,115,48,181,91),(86,'17BCE034','17BCE036',16,235,149,181,67,70,48,203,182,49,204,36,38,106,205,19,18,15,111,148,91,57,33,17,212),(87,'17BIT009','17BIT005',36,15,235,16,58,57,236,205,107,181,2,26,71,5,106,65,94,95,33,234,55,111,91,192,193),(88,'17BCE060',' ',13,39,14,171,69,178,104,9,7,10,29,62,41,21,31,187,169,119,73,122,121,188,170,98,74),(89,'17BCE024','17BCE023',105,87,37,142,42,217,212,210,208,90,88,38,47,48,49,70,144,148,184,234,235,67,71,18,23),(90,'17BIT095','17BIT091',48,149,67,181,182,33,49,103,91,106,148,235,234,205,113,15,16,174,180,203,115,111,71,36,17),(91,'17BCE087','17BCE090',67,70,48,49,47,219,234,235,236,15,16,23,33,38,71,111,125,161,180,181,182,183,203,205,220),(92,'17BIT023','17BIT123',70,106,111,203,17,37,81,124,86,47,5,48,38,85,103,149,107,181,115,125,58,144,180,225,235),(93,'17BIT171','17BIT176',23,24,28,25,15,16,17,37,38,67,82,125,93,165,235,199,110,103,48,205,140,142,145,161,35),(94,'17BCE070','17BCE072',217,164,24,34,45,64,15,16,18,33,38,48,55,67,181,203,235,36,49,103,107,115,236,148,82),(95,'18BIT162',' ',74,75,116,41,228,9,97,104,7,152,62,72,117,114,168,231,10,207,129,39,98,21,215,14,122),(96,'17BIT050','17BIT049',49,148,149,181,182,38,48,235,205,5,15,17,67,55,33,91,115,113,111,16,24,23,28,56,57),(97,'18BIT173','18BIT168',5,198,99,145,200,156,201,233,137,59,113,199,172,65,108,130,57,236,23,143,2,35,60,53,219),(98,'17BIT068','17BIT090',93,223,140,6,95,60,59,199,191,161,42,118,24,43,44,124,164,54,20,81,186,46,65,64,141),(99,'16BIT058',' ',187,159,196,175,31,96,72,40,14,10,69,29,7,9,73,21,13,75,32,30,74,128,131,97,177),(100,'17BCE049','17BCE050',118,225,144,120,153,43,103,55,58,49,38,111,17,236,202,148,203,235,36,71,234,67,107,106,57),(101,'17BIT045',' ',74,75,9,7,117,159,187,119,227,96,169,114,209,39,97,121,129,211,215,41,230,14,40,21,72),(102,'17BCE086','17BCE074',16,184,106,67,142,48,205,37,113,87,88,89,153,91,107,125,49,192,203,212,33,82,140,115,38),(103,'17bit008','17BIT002',111,71,57,70,202,144,212,234,15,16,33,103,38,47,218,18,45,37,48,95,216,26,180,123,203),(104,'17BIT081','17BCE075',106,70,48,23,33,71,11,17,16,15,38,49,54,92,235,47,111,67,91,236,234,5,6,103,125),(105,'17BCE119',' ',14,129,116,72,97,9,176,41,117,7,128,179,69,75,119,40,74,96,112,159,175,226,29,30,39),(106,'18BCE361','18BCE357',43,225,217,45,151,5,138,125,145,37,142,216,153,214,16,149,36,236,49,205,67,17,15,202,70),(107,'16BIT025','16BIT056',15,234,236,235,203,16,36,205,148,18,33,70,48,67,49,115,38,47,91,181,111,55,103,71,94),(108,'18BIT161','18BIT166',37,87,142,212,206,208,210,214,235,191,48,106,180,45,58,153,113,216,92,219,28,100,193,70,90),(109,'18BCE353','18BCE354',153,236,80,105,123,202,36,222,156,70,57,212,5,92,15,23,24,16,37,35,99,71,91,28,93),(110,'17BCE021',' ',7,213,39,189,129,227,72,171,41,215,159,74,14,29,21,116,185,175,169,187,75,114,122,121,207),(111,'18BIT153',' ',10,74,97,40,9,117,187,7,114,213,160,227,228,21,39,209,119,121,98,129,215,230,189,96,168),(112,'18BIT170',' ',10,21,41,72,213,228,9,162,13,69,29,40,159,207,209,176,169,119,187,7,189,179,122,74,75),(113,'17BCE013',' ',179,69,116,39,189,207,119,169,187,211,7,74,96,168,175,97,227,40,231,229,41,230,73,215,176),(114,'17BIT043',' ',7,9,72,74,75,97,114,116,119,117,159,187,39,209,129,31,32,96,213,21,10,98,112,152,168),(115,'17BIT044',' ',7,40,41,72,74,114,117,129,10,21,187,9,213,121,62,69,96,119,98,207,196,160,152,215,185),(116,'17BIT025','17BIT003',80,42,24,156,165,6,52,57,58,1,2,5,25,53,65,77,125,151,193,3,15,23,28,61,192),(117,'17BIT077','17BIT083',5,47,23,125,218,174,140,142,145,208,48,144,184,37,38,222,206,16,70,71,91,203,67,103,181),(118,'17BIT032','17BIT042',38,48,67,106,70,107,203,205,33,15,36,57,71,236,202,16,58,235,92,181,206,17,49,148,147),(119,'17BIT159',' ',171,29,21,75,74,131,133,30,39,73,209,159,170,177,169,176,116,117,7,129,97,207,213,128,121),(120,'17BCE014','17BCE015',42,70,110,123,191,193,165,38,93,153,204,235,58,49,35,111,130,156,194,214,27,183,198,212,80),(121,'17BIT107','17BIT125',16,235,67,70,71,234,115,106,202,203,205,204,38,48,17,57,111,47,23,125,145,174,92,137,222),(122,'17BCE010',' ',169,175,13,168,162,116,119,189,188,117,187,112,39,41,171,69,176,179,72,7,14,114,177,29,96),(123,'18BCE359','18BCE362',70,91,57,149,92,17,48,59,143,38,65,58,18,19,111,173,33,49,115,118,93,236,225,26,125),(124,'17BCE120',' ',96,187,41,9,119,215,129,7,14,39,40,72,114,97,152,189,227,226,117,116,75,10,104,74,122);
/*!40000 ALTER TABLE `choice_filling` ENABLE KEYS */;
UNLOCK TABLES;

--
-- Table structure for table `content`
--

DROP TABLE IF EXISTS `content`;
/*!40101 SET @saved_cs_client     = @@character_set_client */;
/*!40101 SET character_set_client = utf8 */;
CREATE TABLE `content` (
  `id` int(3) NOT NULL AUTO_INCREMENT,
  `name` varchar(200) NOT NULL,
  `value` int(3) DEFAULT NULL,
  `function` varchar(200) NOT NULL,
  `flag` int(1) NOT NULL DEFAULT 0,
  PRIMARY KEY (`id`)
) ENGINE=InnoDB AUTO_INCREMENT=24 DEFAULT CHARSET=latin1;
/*!40101 SET character_set_client = @saved_cs_client */;

--
-- Dumping data for table `content`
--

LOCK TABLES `content` WRITE;
/*!40000 ALTER TABLE `content` DISABLE KEYS */;
INSERT INTO `content` (`id`, `name`, `value`, `function`, `flag`) VALUES (1,'No Of Choices',25,'No Of Choices',1),(2,'Artificial Intelligence',NULL,'Domain',0),(3,'Networking',NULL,'Domain',0),(4,'Machine Learning',NULL,'Domain',0),(5,'Deep Learning',NULL,'Domain',0),(6,'Data Mining',NULL,'Domain',0),(7,'Web Mining',NULL,'Domain',0),(8,'Apply FCFS',NULL,'Apply FCFS',0),(9,'Wireless Sensor Network',NULL,'Domain',0),(10,'IoT',NULL,'Domain',0),(11,'Cloud Computing',NULL,'Domain',0),(12,'Computer Vision',NULL,'Domain',0),(13,'Image Processing',NULL,'Domain',0),(14,'Network Security',NULL,'Domain',0),(15,'Software Systems',NULL,'Domain',0),(16,'Soft Computing',NULL,'Domain',0),(17,'Data Analytics',NULL,'Domain',0),(18,'Automation',NULL,'Domain',0),(19,'Information Security',NULL,'Domain',0),(20,'Distributed System',NULL,'Domain',0),(21,'Grid Computing',NULL,'Domain',0),(22,'Signal Processing',NULL,'Domain',0),(23,'Others',NULL,'Domain',0);
/*!40000 ALTER TABLE `content` ENABLE KEYS */;
UNLOCK TABLES;

--
-- Table structure for table `coordinator`
--

DROP TABLE IF EXISTS `coordinator`;
/*!40101 SET @saved_cs_client     = @@character_set_client */;
/*!40101 SET character_set_client = utf8 */;
CREATE TABLE `coordinator` (
  `id` int(3) NOT NULL AUTO_INCREMENT,
  `email` varchar(200) NOT NULL,
  `name` varchar(100) NOT NULL,
  `password` varchar(32) NOT NULL,
  PRIMARY KEY (`id`)
) ENGINE=InnoDB AUTO_INCREMENT=2 DEFAULT CHARSET=latin1;
/*!40101 SET character_set_client = @saved_cs_client */;

--
-- Dumping data for table `coordinator`
--

LOCK TABLES `coordinator` WRITE;
/*!40000 ALTER TABLE `coordinator` DISABLE KEYS */;
INSERT INTO `coordinator` (`id`, `email`, `name`, `password`) VALUES (1,'daiwat.vyas@nirmauni.ac.in','Prof. Daiwat Vyas','542b1d344813e284306700160fcff27e');
/*!40000 ALTER TABLE `coordinator` ENABLE KEYS */;
UNLOCK TABLES;

--
-- Table structure for table `demo`
--

DROP TABLE IF EXISTS `demo`;
/*!40101 SET @saved_cs_client     = @@character_set_client */;
/*!40101 SET character_set_client = utf8 */;
CREATE TABLE `demo` (
  `choice_id` int(6) NOT NULL AUTO_INCREMENT,
  `roll_no` varchar(8) NOT NULL,
  `partner_roll_no` varchar(8) NOT NULL,
  `choice_1` int(6) NOT NULL,
  `choice_2` int(6) NOT NULL,
  `choice_3` int(6) NOT NULL,
  `choice_4` int(6) NOT NULL,
  `choice_5` int(6) NOT NULL,
  `choice_6` int(6) NOT NULL,
  `choice_7` int(6) NOT NULL,
  `choice_8` int(6) NOT NULL,
  `choice_9` int(6) NOT NULL,
  `choice_10` int(6) NOT NULL,
  PRIMARY KEY (`choice_id`)
) ENGINE=InnoDB AUTO_INCREMENT=2 DEFAULT CHARSET=latin1;
/*!40101 SET character_set_client = @saved_cs_client */;

--
-- Dumping data for table `demo`
--

LOCK TABLES `demo` WRITE;
/*!40000 ALTER TABLE `demo` DISABLE KEYS */;
INSERT INTO `demo` (`choice_id`, `roll_no`, `partner_roll_no`, `choice_1`, `choice_2`, `choice_3`, `choice_4`, `choice_5`, `choice_6`, `choice_7`, `choice_8`, `choice_9`, `choice_10`) VALUES (1,'111111','1',1,1,1,1,1,1,1,1,1,1);
/*!40000 ALTER TABLE `demo` ENABLE KEYS */;
UNLOCK TABLES;

--
-- Table structure for table `events`
--

DROP TABLE IF EXISTS `events`;
/*!40101 SET @saved_cs_client     = @@character_set_client */;
/*!40101 SET character_set_client = utf8 */;
CREATE TABLE `events` (
  `id` int(11) NOT NULL AUTO_INCREMENT,
  `name` varchar(300) NOT NULL,
  `start_date` date NOT NULL,
  `end_date` date NOT NULL,
  `flag` int(1) NOT NULL DEFAULT 0,
  PRIMARY KEY (`id`)
) ENGINE=InnoDB AUTO_INCREMENT=7 DEFAULT CHARSET=latin1;
/*!40101 SET character_set_client = @saved_cs_client */;

--
-- Dumping data for table `events`
--

LOCK TABLES `events` WRITE;
/*!40000 ALTER TABLE `events` DISABLE KEYS */;
INSERT INTO `events` (`id`, `name`, `start_date`, `end_date`, `flag`) VALUES (1,'Title Collection','2019-07-15','2019-07-20',2),(2,'Choice Filling By Students','2019-07-20','2019-07-22',2),(3,'Title Allocation by FCFS','2019-07-23','2019-07-26',1);
/*!40000 ALTER TABLE `events` ENABLE KEYS */;
UNLOCK TABLES;

--
-- Table structure for table `faculties`
--

DROP TABLE IF EXISTS `faculties`;
/*!40101 SET @saved_cs_client     = @@character_set_client */;
/*!40101 SET character_set_client = utf8 */;
CREATE TABLE `faculties` (
  `id` int(11) NOT NULL AUTO_INCREMENT,
  `email` varchar(50) NOT NULL,
  `password` varchar(50) NOT NULL DEFAULT '4cb9c8a8048fd02294477fcb1a41191a',
  `name` varchar(50) NOT NULL,
  `flag` int(1) NOT NULL DEFAULT 0,
  PRIMARY KEY (`id`)
) ENGINE=InnoDB AUTO_INCREMENT=63 DEFAULT CHARSET=latin1 ROW_FORMAT=COMPACT;
/*!40101 SET character_set_client = @saved_cs_client */;

--
-- Dumping data for table `faculties`
--

LOCK TABLES `faculties` WRITE;
/*!40000 ALTER TABLE `faculties` DISABLE KEYS */;
INSERT INTO `faculties` (`id`, `email`, `password`, `name`, `flag`) VALUES (1,'madhuri.bhavsar@nirmauni.ac.in','4cb9c8a8048fd02294477fcb1a41191a','Dr. Madhuri Bhavsar',0),(2,'sgarg@nirmauni.ac.in','4cb9c8a8048fd02294477fcb1a41191a','Dr Sanjay Garg',0),(3,'priyanka.sharma@nirmauni.ac.in','e2653b10ea6943834fcb5fe48665f0bb','Dr. Priyanka Sharma',1),(4,'kpagrawal@nirmauni.ac.in','41e29a403cf103db5e74db970b7e5ad6','Dr. K P Agrawal',1),(5,'gaurang.raval@nirmauni.ac.in','bc77bb1a9e8ead42fa33eca316c2b233','Dr. Gaurang Raval',1),(6,'sharada.valiveti@nirmauni.ac.in','e4a676f1a03101087b6f2cbb0807a014','Dr. Sharda Valiveti',1),(7,'vijay.ukani@nirmauni.ac.in','6510173b54fbe685906e46d7809d0de7','Dr. Vijay Ukani',1),(8,'ankit.thakkar@nirmauni.ac.in','890f3c7733a54783c9b57802ef8457f8','Dr. Ankit Thakkar',1),(9,'priyank.thakkar@nirmauni.ac.in','890f3c7733a54783c9b57802ef8457f8','Dr. Priyank Thakkar',1),(10,'zunnun.narmawala@nirmauni.ac.in','ab3b13c272462a4cc7b1c9ea84408985','Dr Zunnun Narmawala',1),(11,'sudeep.tanwar@nirmauni.ac.in','a224074d3b48d462d169b8e2b4925f8c','Dr. Sudeep Tanwar',1),(12,'swati.jain@nirmauni.ac.in','1eeacd6fd77a00fdadf6903aec5859a0','Dr. Swati Jain',1),(13,'jaiprakash.verma@nirmauni.ac.in','109392d35f84440282220b3f841973fa','Dr. Jai Prakash Verma',1),(14,'tejal.upadhyay@nirmauni.ac.in','9997cbd74d00ad04ef29bdf52b226185','Prof. Tejal Upadhyay',1),(20,'monika.shah@nirmauni.ac.in','7805d3194395e917be1569e581dfcae7','Prof Monika Shah',1),(21,'rupal.kapdi@nirmauni.ac.in','890f3c7733a54783c9b57802ef8457f8','Prof Rupal A Kapdi',1),(23,'pooja.shah@nirmauni.ac.in','147f76fffd3cbd858ffff20ca02046fe','Prof. Pooja P Shah',1),(24,'vishalparikh@nirmauni.ac.in','28ce233c97f6e9748af00d4ae6a67837','Prof. Vishal U. Parikh',1),(25,'parita.prajapati@nirmauni.ac.in','a4757d7419ff3b48e92e90596f0e7548','Prof. Parita Oza',1),(26,'malaram.kumhar@nirmauni.ac.in','b16803282274e45c0a8c404eebf7610b','Prof. Malaram Kumhar',1),(27,'jignas.patel@nirmauni.ac.in','e3bd4cbb8e7f8b4566a54f093e948fbc','Prof Jigna A Patel',1),(29,'anitha.ashokan@nirmauni.ac.in','4cb9c8a8048fd02294477fcb1a41191a','Prof Anitha Ashishdeep',0),(31,'vipul.chudasama@nirmauni.ac.in','f92d0faa0e601f06fc5e528901bef40c','Prof. Vipul Chudasama',1),(33,'ushapatel@nirmauni.ac.in','282ad0436bc779fda283a334b1c3803b','Prof. Usha Patel',1),(34,'jitali.patel@nirmauni.ac.in','0fe05a27161d99c793cd1221f610e896','Prof. Jitali Patel',1),(35,'kruti.lavingia@nirmauni.ac.in','24ab2eeac5fd387044b700e5278a4fb9','Prof Kruti Lavingia',1),(36,'ajaypatel@nirmauni.ac.in','a08ee45ef214dc905e59bfcc4c263565','Prof. Ajay M Patel',1),(37,'pimal.khanpara@nirmauni.ac.in','890f3c7733a54783c9b57802ef8457f8','Dr Pimal Khanpara',1),(38,'tarjni.vyas@nirmauni.ac.in','890f3c7733a54783c9b57802ef8457f8','Prof Tarjni Vyas',1),(39,'shivani.desai@nirmauni.ac.in','fbfc2d28c836412c41554ef99faa38b3','Prof. Shivani Desai',1),(40,'vivek.prasad@nirmauni.ac.in','a18f9469f9423fe7c7efc1551fc972c0','Prof Vivek K Prasad',1),(41,'sapanmankad@nirmauni.ac.in','475d5d1da5d8e5405a4f6df4fa6ff804','Prof. Sapan Mankad',1),(42,'dhaval.jha@nirmauni.ac.in','b1e98b683981f688c6002d76a3844051','Prof. Dhaval S Jha',1),(43,'dvijesh.bhatt@nirmauni.ac.in','f1926a102f462c33ade2a33c4e22a482','Prof. Dvijesh Bhatt',1),(44,'anuja.nair@nirmauni.ac.in','8067025f37a46efa766b6d3a50869f09','Prof. Anuja Nair',1),(45,'daiwat.vyas@nirmauni.ac.in','542b1d344813e284306700160fcff27e','Prof. Daiwat Vyas',1),(46,'anitha.modi@nirmauni.ac.in','b835cf031c9fce26ba67727a55787a4a','Prof. Anitha Modi',1),(49,'preksha.pareek@nirmauni.ac.in','cba5dfab3b4adba7b49e70c3e22660f4','Prof. Preksha A. Pareek',1),(50,'chandan.trivedi@nirmauni.ac.in','4cb9c8a8048fd02294477fcb1a41191a','Prof. Chandan Trivedi',0),(51,'kavita.tewani@nirmauni.ac.in','48489a6c7c056c47a31c3945c43dcd4c','Prof. Kavita Tewani',1),(52,'chirag.nathwani@nirmauni.ac.in','ae1c84b0fc22d821f2fcb6a073bf88e1','Prof. Chirag Nathwani',1),(53,'rajesh.pradhan@nirmauni.ac.in','babd4a84418fb04015ac773f7459727c','Prof. Rajesh Pradhan',1),(54,'pronoya.bhattacharya@nirmauni.ac.in','d470a382ca8e6b188c99611c2d2af1a8','Prof. Pronaya Bhattacharya',1),(55,'akhilesh.ladha@nirmauni.ac.in','3c7bb5c4b22fd734607171483c53019c','Prof. Akhilesh Yatiraj Ladha',1),(56,'umesh.bodkhe@nirmauni.ac.in','966762ef6822e7a82e740daf4cbdad71','Mr Bodkhe Umesh Sakharam',1),(58,'smita.darandale@nirmauni.ac.in','3fdf2ebcad0826b16a2ba1bdcdd5386d','Dr. Smita Darandale',1),(59,'deepti.saraswat@nirmauni.ac.in','e9e6ecea24c0b3afef4c50626ce125da','Prof. Deepti Saraswat',1),(60,'rachana.mehta@nirmauni.ac.in','79b967918afe179c2c0f8c4ea96233ac','Prof. Rachana Mehta',1),(61,'ashwin.verma@nirmauni.ac.in','35b713eece28be4c0a069e382d18c284','Prof. Ashwin Verma',1);
/*!40000 ALTER TABLE `faculties` ENABLE KEYS */;
UNLOCK TABLES;

--
-- Table structure for table `own_titles`
--

DROP TABLE IF EXISTS `own_titles`;
/*!40101 SET @saved_cs_client     = @@character_set_client */;
/*!40101 SET character_set_client = utf8 */;
CREATE TABLE `own_titles` (
  `id` int(11) NOT NULL AUTO_INCREMENT,
  `title` varchar(64) NOT NULL,
  `description` varchar(1500) NOT NULL,
  `domain` varchar(64) NOT NULL,
  `type` varchar(64) NOT NULL,
  `roll_no` varchar(100) NOT NULL,
  `faculty` varchar(100) NOT NULL,
  `students` int(11) NOT NULL,
  `flag` int(11) NOT NULL DEFAULT 0,
  `remarks` varchar(150) NOT NULL,
  PRIMARY KEY (`id`)
) ENGINE=InnoDB AUTO_INCREMENT=45 DEFAULT CHARSET=latin1 ROW_FORMAT=COMPACT;
/*!40101 SET character_set_client = @saved_cs_client */;

--
-- Dumping data for table `own_titles`
--

LOCK TABLES `own_titles` WRITE;
/*!40000 ALTER TABLE `own_titles` DISABLE KEYS */;
INSERT INTO `own_titles` (`id`, `title`, `description`, `domain`, `type`, `roll_no`, `faculty`, `students`, `flag`, `remarks`) VALUES (1,'Data Ingestion tool for GeoScience data','Designing an open source tool using Geoscience data. ','Data Analytics','Research','17BIT014','Dr. Jai Prakash Verma',1,2,''),(2,'Technical news app','In this project we are planning to add features of technical event news in mobile application. We have to make one website which have all the technical news which are updated by us in real time.When w','Software Systems','Application','17BCE035,17BCE027','Dr. Sharda Valiveti',2,0,''),(3,'Object detection and recognition','Object Detection','Machine Learning','Research','17BIT037','Prof. Tejal Upadhyay',1,2,''),(4,'Expense Distributor',' it is a kind of  project that distributes the expenses in different manners between friends or colleagues .\r\nUser can create  groups with wanted people and can add or delete expenses with the notific','Others','Other','17BCE081,17BCE079','Prof. Kavita Tewani',2,2,''),(5,'Person Re Identification','We need to correctly label a person recorded at different places with different camera angle','Deep Learning','Research','17BIT048','Prof. Dvijesh Bhatt',1,2,''),(6,'Face recognition','Do Face recognition for any general purpose like surveillance, Attandace.','Deep Learning','Research','17BCE116,17BCE127','Dr. Swati Jain',2,0,''),(7,'Automatic Highlights Generation','Need to generate highlights of a cricket/Football match automatically using ML/DL algorithms.','Deep Learning','Research','17BCE135,17BCE069,17BCE100','Prof. Vishal U. Parikh',3,2,''),(9,'Search Engine','A standalone application/Web application which can be considered as a smaller and primitive version of the currently prevailing search engines. To search some specific set of keywords with the auto-co','Software Systems','Application','17BIT065','Prof. Pronaya Bhattacharya',1,2,''),(11,'Emotion-Based Music Player','A Music Player which automatically determine that which song a user want to listen at any time by recognizing his/her mood from facial expressions','Machine Learning','Application','17BCE126','Dr Pimal Khanpara',1,0,''),(12,'Scrape news articles and classify them using unsupervised learni','In this topic we will scrape news articles from the web  on a certain topic (e.g Nirma University) and then students can discuss about them on an online forum and keep themselves updated. We decided on this topic as in previous semester me and my partner did projects on web scraping and an online discussion forum respectively, so the only area we need guidance on is classify the articles using machine learning, and also some tips about scraping the web using crawlers. Along this, Dr. Priyank Thakkar was my guide the previous semester, so due to these reasons i would like to work under him.','Machine Learning','Application','17BCE138,17BCE102','Dr. Priyank Thakkar',2,2,'Guide has approved your group provided you change your title to Video Activity Recognition.'),(13,'Personal Chatbots','Implement neural conversational networks and build a chatbot using ml techniques.','Deep Learning','Application','17BIT110,17BCE031','Dr. Priyank Thakkar',2,2,''),(15,'Obect detection with labels as audio','In this project, the machine will no be given a text label. Instead, it will be given a user audio label so it can learn as a human being. The main goal of the project is to make the machine learn like humans. This will make the teaching the machines very easy. The accomplishment of this project will make a significant change in the deep learning world.','Deep Learning','Research','17BIT034','Prof. Dvijesh Bhatt',1,2,''),(16,'CRYPTOCURRENCY USING PYTHON','Building a Blockchain based Cryptocurrency using Python. Includes transfer and allocation of blocks, digital signatures, PoW and wallet','Others','Application','17BCE006,17BCE008','Prof. Pronaya Bhattacharya',2,2,''),(17,'EMOTION DETECTION USING DEEPLEARNING','It detects different emotion of your face using deeplearning methods.','Deep Learning','Research','17BCE026,17BCE022','Dr. Ankit Thakkar',2,2,''),(18,'Music player based on facial expression ','In this project facial expression like happy, sad, joyful etc. will be detected from users face image and based on that music will be played.','Deep Learning','Research','17BCE128,17BCE129','Dr. Swati Jain',2,0,''),(19,'NUTECH MODERN MANAGEMENT SYSTEM','We are aiming to create user friendly DB for students who are coordinators,who are event heads,and save the data of students for further use...  \r\n\r\nYet the design of the website we will plan but we have basic idea..  \r\nwe will create navigation bar and it will contain different branch and in drop down different events will be there... \r\nFrom right side there will be different option like onspot registration.. \r\nMap of the event etc... we can add more as per use... \r\n\r\nnow we will focusing on services \r\nLike \r\n1-Confirmation of the event through mail registered and they need to take it with them on day of event for confirmation and certificate purpose \r\n\r\n2-Payment \r\nWe can accept cash as well as paytm \r\nin case they do paytm then we need to connect API OF PAYTM BUSINESS ACCOUNT WITH CODE...\r\nso from that we can directly get information and name of student in system and we will be providing mail of confirmation \r\n\r\n3-Onspot registration we can keep and we can redirect that thing to main database \r\n\r\n4-Reminder of event through mail before the day of event \r\nSimilarly we can share the information regarding accommodation and various things... \r\n\r\n5-certificate provided or not..  verification section... \r\n\r\n6-Section for information of coordinators \r\n\r\n7- and other static information we can keep...  \r\n\r\nand if all goes well then we can make the online website like\r\n\r\n https://m.techfest.org/','Software Systems','Application','17BCE052,17BCE053','Prof. Daiwat Vyas',2,2,''),(20,'Event Detection','\"Detecting Events happening from a long video\"','Machine Learning','Application','17BCE041','Prof. Vishal U. Parikh',1,2,''),(21,'E-Voting System Using BlockChain','E-voting system using blockchain technology to decentralize the system and improve security and trust. The main aim is to design a transparent, immutable Online Voting System using Blockchain to eliminate the integrity Problem.','Information Security','Research','17BCE062,17BCE109','Dr. Sudeep Tanwar',2,2,''),(22,'Blockchain based banking system ','Combining databases and cryptography to allow geographically separated users to share a common banking system. ','Data Analytics','Application','17BCE063,17BCE064','Dr. Sudeep Tanwar',2,2,''),(23,'Decentralised banking application using blockchain','To create a fair, inclusive decentralized banking application for secure transactions. The project will be completed using the concept of private blockchain.  It can further be extended by adding other banking applications such as Digital currencies,  record keeping, smart contracts, and security, ','Others','Application','17BCE117,17BCE083','Dr. Sudeep Tanwar',2,2,''),(24,'Image Reconstruction ','Improving image quality using deep learning techniques','Deep Learning','Research','17BCE077,17BCE131','Prof. Sapan Mankad',2,2,''),(25,'Voxel Based Game Engine in Vulkan','Develop a game engine that is based on Voxels, rather than Pixels, and then make a sandbox environment to demonstrate it. Voxels are basically 3D pixels that have metadata attached to them, and because of that the Physics applied on them is very realistic as a cascading command structure can be used to specify the reaction of other Voxels in the vicinity. A popular game that uses Voxels is Minecraft, which uses Voxels for terrain generation purposes. \r\nThe engine will use the following technologies (more shall be added in the future)\r\nVulakan, Googletest, CMake, GLFW, GLS and will primarily be written in C++.','Others','Application','17BIT124','Prof. Preksha A. Pareek',1,2,''),(26,'Game  development using unity','2D and 3D game design graphics and programming in c#\r\nGame will consist of different levels having GUI and making characters in blender','Others','Application','17BIT021,17BIT006','Prof. Dhaval S Jha',2,0,''),(27,'OBJECT RECOGNITION','We want to learn ML and based on it, we want to do this project.','Machine Learning','Application','17BIT108,17BIT019','Prof. Dvijesh Bhatt',2,2,''),(28,'Car showroom website','This will be a carshowroom management system brought from C++ to be made into a website.','Others','Other','17BCE032','Prof. Kavita Tewani',1,2,''),(30,'RFID based toll tax Management System','Now a days traffic is most important thing to be managed overall but mainly time wasting occurs on toll taxes booth to overcome this time consuming methods of toll taxes this application save most of time of customers or any Vehicle owner using RFID based system this time can be managed at certain level','IoT','Application','18BIT151,18BIT158,18BIT159,18BIT172','Prof. Dhaval S Jha',4,0,''),(31,'Live texturing of images in book using Augmented Reality','Augmented Reality holds unique potential for engaging students in reading book by providing a bridge between real world activities and enhancement of enriching the book content with digital platform.The proposed system will provide 3D view of an object using Augmented Reality(AR) by detecting the image/object using object detection. Suppose a student wants to learn about any body organ then he/she can use this application to get a 3D view into it. The system will provide 3D view of that organ so student can see all the components very clearly and understand it in very easy way beacuse visuals are much more powerful then reading this enhancing the readers experience.','Computer Vision','Application','18BCE358,18BCE360','Prof. Daiwat Vyas',2,2,''),(32,'Distance learning website','Website for managing the operations of distance learning','Software Systems','Application','17BCE061','Prof. Daiwat Vyas',1,0,''),(33,'Optimal trajectory finding using reinforcement learning','Optimal trajectory finding using reinforcement learning','Machine Learning','Application','17BCE056,17BCE016','Dr. Swati Jain',2,0,''),(34,'CHESS MASTER','Reinforcement Learning based model which can master the Chess game.','Artificial Intelligence','Application','17BIT085','Prof. Dvijesh Bhatt',1,2,'As discussed with your guide, he has informed you that Definition might change as chass game will be difficult using reinforcement learning.'),(36,'Image Search Engine','I am learning image processing. So, I want to work something related to this. Image search engine on which I am gonna work is basically based on searching vacation places using photos. I am gonna use Google-landmarks dataset for the same.','Deep Learning','Application','17BCE122','Dr. Priyanka Sharma',1,0,''),(37,'Market Live Reports And Prediction','In this we would make a live system of market and also A prediction system clubbed of different algorithms.','Data Analytics','Other','17BCE111,17BCE114','Prof. Sapan Mankad',2,2,''),(38,'ScrapGold','The web site we are planning will be based on keeping the useful or recyclable scrap instead of dumping it. After a certain period(month), with the help of this web site an individual can book pick up of the same and in return the individual will be rewarded with incentives (like as in the app \"Step set go\" which is in hype for promoting health awareness ). In the near to same manner our website will promote recycling, tree plantation and reducing land pollution','Others','Application','18BCE365,18BCE370','Prof. Ajay M Patel',2,0,''),(39,'Text Data Analysis for large scale Catalog Data','Analyzing large scale catalog based text data for user friendly recommendations when searching for particular information.  ','Data Analytics','Research','17BIT028','Dr. Jai Prakash Verma',1,2,''),(40,'Nosiy Data generation using GANs(Generative Adversarial Networks','Introducing noise in images using GANs.','Computer Vision','Research','17BCE011,17BCE017','Dr. Priyanka Sharma',2,0,''),(41,'Classification of Human embryo using machine learning','Right now Grading Embryo is a manual process and the grading is varied from person to person with different types of technique. So our aim is to provide Embryo Grading System , which is more robust and have a generalized form with maximum Accuracy.\r\n\r\nThe project will be lead by Dr. Alka Mahajan.\r\nGuided by Prof Ruchi Gajjar.\r\nAnd co guided by Prof Daiwat Vyas.','Machine Learning','Research','17BCE043,17BCE030,17BCE113','Prof. Daiwat Vyas',3,2,''),(42,'Social Network Based Knowledge discovery System ','The increasing amount of data in social networks has complicated data processing and interpretation.so we need algorithm/mechanism that have the ability to automatically extract meaning from data ','Data Analytics','Application','17BIT001,18BIT160','Dr. Jai Prakash Verma',2,2,''),(43,'Object Segmentation and Detection in video','This will include object Segmentation and Detection in a video for applications like Autonomous Driving','Computer Vision','Research','17BIT061,17BIT046,17BIT075','Prof. Dvijesh Bhatt',3,2,''),(44,'Online Shopping Web Application','In This Web application there are three panels User , Merchants(Shopkeepers) and Admin.User can buy multiple items from Our Web Application which Merchants(Shopkeepers) added in database via Web Application','Automation','Application','17BIT125,17BIT107','Prof. Ajay M Patel',2,0,'');
/*!40000 ALTER TABLE `own_titles` ENABLE KEYS */;
UNLOCK TABLES;

--
-- Table structure for table `project_titles`
--

DROP TABLE IF EXISTS `project_titles`;
/*!40101 SET @saved_cs_client     = @@character_set_client */;
/*!40101 SET character_set_client = utf8 */;
CREATE TABLE `project_titles` (
  `id` int(11) NOT NULL AUTO_INCREMENT,
  `title` varchar(100) NOT NULL,
  `description` varchar(1000) NOT NULL,
  `domain` varchar(100) NOT NULL DEFAULT 'Other',
  `type` varchar(64) DEFAULT 'Application',
  `students` int(11) NOT NULL,
  `faculty` varchar(100) NOT NULL,
  `flag` int(11) NOT NULL DEFAULT 0,
  PRIMARY KEY (`id`)
) ENGINE=InnoDB AUTO_INCREMENT=240 DEFAULT CHARSET=latin1 ROW_FORMAT=COMPACT;
/*!40101 SET character_set_client = @saved_cs_client */;

--
-- Dumping data for table `project_titles`
--

LOCK TABLES `project_titles` WRITE;
/*!40000 ALTER TABLE `project_titles` DISABLE KEYS */;
INSERT INTO `project_titles` (`id`, `title`, `description`, `domain`, `type`, `students`, `faculty`, `flag`) VALUES (1,'Dense Image Captioning','Using DL techniques','Deep Learning','Research',2,'Prof. Dvijesh Bhatt',0),(2,'Object detection from the image','Object detection using DL','Deep Learning','Research',2,'Prof. Dvijesh Bhatt',0),(3,'Sentiment Analysis using Text  Summarization','Sentiment analysis for large amount of text data collected from different review and feedback data. Find some actionable insight from text data is the key issue for this project.','Data Analytics','Application',2,'Dr. Jai Prakash Verma',0),(4,'GeoScience Data Analytics for Mobility detection and prediction  ','User mobility detection and prediction based on their Geoscience location data.','Data Analytics','Research',2,'Dr. Jai Prakash Verma',0),(5,'STOCK MARKET PREDICTION System','STOCK MARKET PREDICTION System based on Machine Learning Algorithms.','Machine Learning','Application',2,'Dr. Jai Prakash Verma',0),(6,'Analysis of Immune system for Cancer Research Using Machine Learning','Data Analytics for Cancer Research','Data Analytics','Research',2,'Dr. Jai Prakash Verma',0),(7,'Web Based Meeting schedular','It is a web based system to schedule the meeting . ','Others','Application',1,'Prof. Malaram Kumhar',0),(9,'Question paper generator','System to generate a question papers from set of questions.','Others','Application',1,'Prof. Malaram Kumhar',0),(10,'e-Learning app for kids','Android application for kids.','Others','Application',1,'Prof. Malaram Kumhar',0),(11,'Recommendation System using Big Data Environment ','Content and collaborating filtering based recommendation system for Big Data.   ','Data Analytics','Application',2,'Dr. Jai Prakash Verma',0),(13,'Emotion-based music player','A music player which play a song based on user emotion.','Image Processing','Research',1,'Prof. Malaram Kumhar',0),(14,'Duplicate File Cleaner','It clean the files from your system which are duplicate','Software Systems','Application',1,'Prof. Malaram Kumhar',0),(15,'Online leave management system','This project is aimed at developing an online leave management system, which can be used to automate the workflow of leave applications and their approvals','Software Systems','Application',2,'Prof. Malaram Kumhar',0),(16,'Canteen Automation System','A  web-based ordering system for canteens to automate the task.','Software Systems','Application',2,'Prof. Malaram Kumhar',0),(17,'Distance learning website','Website for managing the operations of distance learning.','Software Systems','Application',2,'Prof. Malaram Kumhar',0),(18,'Department Budget management system','System to manage to task of budget utilization in department.','Software Systems','Application',2,'Prof. Malaram Kumhar',0),(19,'Expense Approval and Reimbursement System','System to manage the expense and reimbursement related task.','Software Systems','Application',2,'Prof. Malaram Kumhar',0),(20,'Forgery Detection of Medical Image','This project is used in the healthcare system for fake image recognition to confirm that the image is associated with the medical image or not.','Image Processing','Research',2,'Prof. Parita Oza',0),(21,'Online footwear management system','Apply machine learning algorithm to help all stakeholders like manufacturer, seller, and retailer to do business easily. This will be supplier centric application not a customer-centric. So not a major focus on GUI is required.','Machine Learning','Application',1,'Prof. Akhilesh Yatiraj Ladha',0),(22,'Telecommunication service improvement suggestion using machine learning','Focus on customer happiness index and suggest plans/offers/discounts the retain them without affecting the profitability of the company. Require students to do a survey and use data collected for deriving the application','Data Analytics','Application',2,'Prof. Akhilesh Yatiraj Ladha',0),(23,'Language translator','Convert one language to another language','Machine Learning','Application',2,'Prof. Dvijesh Bhatt',0),(24,'Video Highlight ','Automatically generates the video highlights','Computer Vision','Research',2,'Prof. Vishal U. Parikh',0),(25,'Event Detection','Identify various events from videos and detect it','Deep Learning','Research',2,'Prof. Vishal U. Parikh',0),(26,'Object Detection and Tracking','Detecting an object from the video and tracking of that object','Deep Learning','Research',2,'Prof. Vishal U. Parikh',0),(27,'Generating 3D view from multiple video of same scene','3D model generation from multiple videos of the same scene','Deep Learning','Research',2,'Prof. Vishal U. Parikh',0),(28,'Video Summarization','Video summary generation ','Deep Learning','Research',2,'Prof. Vishal U. Parikh',0),(29,'Object Detection','Detecting an object from the video','Deep Learning','Research',1,'Prof. Vishal U. Parikh',0),(30,'Object Tracking','Tracking an object from the video','Deep Learning','Research',1,'Prof. Vishal U. Parikh',0),(31,'3D view genration','3D view from multiple views','Deep Learning','Research',1,'Prof. Vishal U. Parikh',0),(32,'Video Highlight Analysis','Analyzing the  generated Highlights of the video','Data Mining','Application',1,'Prof. Vishal U. Parikh',0),(33,' Leave Application Management System ','This management system reduces the process overhead of  leave application . It creates a workflow  which will automatically start from requester to responser. It includes all the parameters which are considered for application such as  date of leave, exact reason for leave, persons require to be notified during the whole process, person who will take your load at that time, consent from that faculty,etc. It will also reduce the manual work as well as wastage of paper during leave application process. ','Others','Application',2,'Prof. Deepti Saraswat',0),(34,'Video Analysis','Image Processing to be done on Video and to capture some data w.r.t a particular application.','Image Processing','Application',2,'Prof. Anuja Nair',0),(35,'Sentiment Analysis on Instagram','Sentiment analysis is a technique to identify the opinion depicted by a text phrase on a certain topic. By doing sentiment analysis on Instagram,  you want to analyze the sentiment of comments on a specific Instagram post.','Data Analytics','Application',2,'Prof. Anuja Nair',0),(36,'Leave Management and Load Adjustment','In an organization, when an employee takes leaves, load has to be adjusted in such a way that the lecture/lab should not be wasted and should be taken by appropriate faculty member.','Software Systems','Application',2,'Prof. Anuja Nair',0),(37,'Smart Parking Assistance System','Requirement of parking facility available or not, booking for the parking as well as smart parking to be done.','IoT','Application',2,'Prof. Anuja Nair',0),(38,'Movie Booking and Review System','Just Like IMDB along with movie booking.','Software Systems','Application',2,'Prof. Anuja Nair',0),(39,'Subtitle Generation','Subtitles to be generated as per the input video given','Software Systems','Application',1,'Prof. Anuja Nair',0),(40,'Project Management System','Handling of projects, assigning of tasks by project manager to employees in his/her team and monitoring the progress.','Software Systems','Application',1,'Prof. Anuja Nair',0),(41,'Auction System','The system is designed to allow users to set up their products for auctions and bidders to register and bid for various products available for bidding.','Software Systems','Application',1,'Prof. Anuja Nair',0),(42,'From kids to teenagers to adults - The Face Prediction System ','The project aims to predict the face of an individual with lapse of time. This project aims to identify possible options of face transitions based on aging of the individual.','Information Security','Research',2,'Dr. Sharda Valiveti',0),(43,'Medicine Tracking System using blockchain','Blockchains - typically known for their application in data integrity and trust can be used for tracking the expiry of medicines and proactive withdrawal from the stores and avoid misuse. ','Information Security','Application',2,'Dr. Sharda Valiveti',0),(44,'Detection of lesion from Mammogram','Identification of lesion (tumor) from mammogram images ','Image Processing','Research',2,'Prof. Parita Oza',0),(45,'web application for image captioning from video frames','web application for image captioning from video frames using vision API','Image Processing','Application',2,'Prof. Shivani Desai',0),(46,'Keyframe extraction in video','Identification of keyframe and then extract it using APIS','Image Processing','Research',2,'Prof. Shivani Desai',0),(47,'Web application for smart health care','Web application for smart health care','IoT','Application',2,'Prof. Shivani Desai',0),(48,'Online groceary store','Online groceary store application/site','Others','Application',2,'Prof. Shivani Desai',0),(49,'Handy attendance manager system','Handy attendance manager system application','Others','Application',2,'Prof. Shivani Desai',0),(50,'Comparative Analysis of Image classification techniques  ','Implementation and Analysis of various classification techniques ','Image Processing','Research',2,'Prof. Parita Oza',0),(51,'Course-wise Course Outcome Attainment for Outcome based Education','In the Outcome based education, the attainment of outcomes is quantified using the Course Outcome Attainment technique that follows throughout the semester. ','Data Analytics','Application',2,'Dr. Sharda Valiveti',0),(52,'User profiling based on Surveillance video','CCTVs installed at any location can serve as an effective means to profile the behavior of any user / group of users so that any sort of anomaly can be detected.','Information Security','Research',2,'Dr. Sharda Valiveti',0),(53,'Image Synthesis ','Generating different sets of images from existing set of images','Image Processing','Research',2,'Prof. Parita Oza',0),(54,'Diabetes Prediction Using Data Mining','Predicting diabetes from data set by applying Data Mining Techniques ','Data Mining','Research',2,'Prof. Parita Oza',0),(55,'Document Management System','A automated methodology to approve and manage the documents is mandatory to ensure timely approvals without loss of documents/time, resource allocation etc.','Software Systems','Application',2,'Dr. Sharda Valiveti',0),(56,'Hybrid Technique For Data Encryption',' data encryption techniques using Fibonacci series, XOR logic, PN sequence or other similar techniques','Information Security','Application',2,'Prof. Parita Oza',0),(57,'Nirma Live System (at department level) : An open platform for discussing any query , issues, sugges','This system is a kind of discussion forum where each individual can express their views, put their concerns, queries , suggestions etc .Member can hide his/her identity as well as can show his/her identify. Its totally depends on the member. This system scrutinize all data before putting it into discussion form. ','Software Systems','Application',2,'Prof. Deepti Saraswat',0),(58,'Game of codes:  \"An Internal Platform for  Coders\" ','This Platform provides an environment for both student and faculty to  improve their Coding skills.  It provides  complete IDE for program in different languages to run. It will rank the students on the basis of their solution as well as they can see the best optimized solution of their question provided by some other student.\r\n','Software Systems','Application',2,'Prof. Deepti Saraswat',0),(59,'Image Classification using Machine Learning','Image Classification using different Machine Learning technique','Image Processing','Research',2,'Prof. Usha Patel',0),(60,'Image Augmentation ','Different Image Augmentation technique','Machine Learning','Research',2,'Prof. Usha Patel',0),(61,'Implementation of PCA, LDA and ICA','Implementation of different feature reduction technique ','Machine Learning','Research',2,'Prof. Usha Patel',0),(62,'Road Safety Volunteerism & Awareness','An application that can aware user about the road safety & traffic rules, its importance & can give day-to-day updates on the news of road safety.','Data Mining','Application',1,'Prof. Rachana Mehta',0),(63,'Diverting Public Complaints based on textual analysis','In general, we face many problems on day to day basis for public facilities provided by government. The same complaint can be registered by user on a portal. The analysis tool should extract the important points from it & divert that complaint to specific department handling it.','Data Analytics','Research',2,'Prof. Rachana Mehta',0),(64,'Implementation of different types of filter ','Implementation of different types of filter on set of images ','Image Processing','Research',2,'Prof. Usha Patel',0),(65,'clustering techniques in machine learning','Implementation of different types of clustering techniques in machine learning','Machine Learning','Research',2,'Prof. Usha Patel',0),(66,'Personalized PBAS system','Personalized PBAS system','Automation','Application',1,'Prof. Usha Patel',0),(67,'Restaurant Management System','The Restaurant Management System helps the restaurant manager to manage the restaurant more effectively and efficiently by computerizing meal ordering, billing and inventory control.','Others','Application',2,'Prof. Chirag Nathwani',0),(69,'public key cryptography','public key cryptography','IoT','Application',1,'Prof. Usha Patel',0),(70,'Book/Material Sharing Application','This application will provide a platform for students to buy-sell books or material with other students.','Software Systems','Application',2,'Prof. Chirag Nathwani',0),(71,'Online Mentoring System','This system will mentor to store information related to his mentees. Information related to counseling will be stored in the system.','Software Systems','Application',2,'Prof. Chirag Nathwani',0),(72,'Personal schedule manager','This system will help a person to manage the schedule for his list of activity.','Software Systems','Application',1,'Prof. Chirag Nathwani',0),(73,'Different types of transformation','Apply Different types of transformation on images','Image Processing','Application',1,'Prof. Usha Patel',0),(74,'Student registration system ','Student registration system for our University ','Software Systems','Application',1,'Prof. Usha Patel',0),(75,'Alumni data management system','Alumni data management system','Software Systems','Application',1,'Prof. Usha Patel',0),(76,'Diabetic Retinopathy Detection using Image Analysis','Diabetic Retinopathy is a side effect of a diabetes. It can cause vision problems. It is mandatory at early stage to detect the presence of it in diabetic patient, to help them cure & prevent it. Based on the image analysis, one need to provide its severity. ','Image Processing','Research',2,'Prof. Parita Oza',0),(77,'Generative Adversarial Network based image generation','Explore image denoising techniques and use Generative Adversarial Network for generation of images with required quality parameters','Deep Learning','Research',2,'Dr. Priyanka Sharma',0),(78,'MRI image based diagnostics using CLARA  SDK ','Survey of various Deep learning techniques for diagnostics based on medical imaging. Using CLARA SDK based approaches exploring various functionalities that can be implemented','Deep Learning','Application',2,'Dr. Priyanka Sharma',0),(79,'Survey of deep learning for block chains based applications','Study of block chain and its applications. Study of how deep learning and machine learning can be used for user based pattern analysis','Deep Learning','Research',2,'Dr. Priyanka Sharma',0),(80,'Development of Visual interfaces for Machine Learning based training','Study of various higher level interfaces of Machine Learning frameworks and development of a Visual Interface for Model training and analysis','Machine Learning','Application',2,'Dr. Priyanka Sharma',0),(81,'Blockchain-based Security System for Healthcare 4.0','Blockchain-based Security System for Healthcare 4.0','Network Security','Research',2,'Dr. Sudeep Tanwar',0),(82,'IoT-based smart parking assistance system','IoT-based smart parking assistance system','IoT','Research',2,'Dr. Sudeep Tanwar',0),(83,'Secure Demand Response Management in Smart Grid Systems','To explore and perform the exhaustive study on the existing secure data analytics techniques in the smart grid system.','Data Analytics','Research',2,'Dr. Sudeep Tanwar',0),(84,'Content Centric Networking based Secure Decentralized Data Management in V2G Environment','To design a decentralized access control mechanism for information management in the V2G environment.','Network Security','Research',2,'Dr. Sudeep Tanwar',0),(85,'Secure and energy-efficient scheme for network selection in D2D communication ','To design a secure and energy-efficient scheme for network selection in D2D communication ','Network Security','Research',2,'Dr. Sudeep Tanwar',0),(86,'Secure Resource Allocation Framework for D2D Communication','To design an optimized algorithm for fine-grained access control and trust management among different nodes in D2D communication','Networking','Research',2,'Dr. Sudeep Tanwar',0),(87,'Design and Implementation of a Wi-Fi Based Home Automation System','This project involves design and prototype implementation of new home automation system that uses WiFi technology as a network infrastructure connecting its parts. The proposed system consists of two main components; the first part is the server (web server), which presents system core that manages, controls, and monitors users home. Users and system administrator can locally (LAN) or remotely (internet) manage and control system code. Second part is hardware interface module, which provides appropriate interface to sensors and actuator of home automation system.','IoT','Application',2,'Dr. Vijay Ukani',0),(88,'Smart Irrigation System','This project involves development of a prototype architecture to demonstrate smart field where automatic watering the plant is controlled based on soil moisture, humidity, weather prediction, crop type etc. This will involve integration of IoT boards like Arduino/Raspberry with sensors, actuators and cloud.','IoT','Application',2,'Dr. Vijay Ukani',0),(89,'Smart Farm Surveillance','Many farm crops are to be protected from theft, damage by animals, or any other abnormal activities. An Iot based solution is to be designed to protect and monitor the farms against such anomalies. This project will involve integration of IoT board (Raspberry Pi) with camera, sensors, actuators, cloud support and some part of image processing. The outcome of the project will be a working prototype model to demonstrate successful working of the project in all possible scenarios.','IoT','Research',2,'Dr. Vijay Ukani',0),(90,'Real-Time Driving Monitor System: Combined Cloud Database with GPS.','Driver laziness/fatigue can lead to severe accidents. Analyzing driver fatigue and using this information properly can lead to prevention manu major accidents. The driver fatigue can be monitored by eye tracking, steering motion or brainwave analysis. Based on this, we can characterize it into light fatigue, medium fatigue and severe fatigue. The system should react to it based on the status of the different layers of the driving fatigue, showing the red, yellow and green lights warming message. Use the mobile device to alert the driver, and record the information in the database. In addition, the system is collocated with GPS positioning function. This information along with GPS data will be integrated and analyzed after uploaded to the cloud server, to remind drivers if there are dangerous drivers within a radius of X meters what should be aware of.','IoT','Research',2,'Dr. Vijay Ukani',0),(91,'Examination management system','Implement all work done by the examination department and deploy it for use','Software Systems','Application',2,'Prof. Akhilesh Yatiraj Ladha',0),(92,'Elective subject allocation','A fair elective subject allocation based on past record and knowledge about pre-requisite  of any subject','Data Analytics','Application',2,'Prof. Akhilesh Yatiraj Ladha',0),(93,'Face recognition based attendance system','An attendance system is to be developed where employee of an organization should be marked their attendance while they are passing through a walk way. It should work with maximum accuracy and minimal adjustment. This project will involve working on image processing and machine learning and probably using python as programming language.','Machine Learning','Research',2,'Dr. Vijay Ukani',0),(94,'Usage of Public transport service like buses by citizen and optimize the schedule','Applying clustering algorithm to citizen travel pattern and suggest an optimum schedule of buses.','Data Analytics','Research',2,'Prof. Akhilesh Yatiraj Ladha',0),(95,'Route suggestion for public transport buses','based on past travel history suggest the best route for buses so as to minimize fuel consumption','Machine Learning','Research',2,'Prof. Akhilesh Yatiraj Ladha',0),(96,'Seating pattern in exam to minimize copying attempts','Based on past history suggest seating arrangement in exam hall to minimize copying attempts','Software Systems','Research',1,'Prof. Akhilesh Yatiraj Ladha',0),(97,'Complaint management system','Develop a complaint management system with complete tracking','Software Systems','Application',1,'Prof. Akhilesh Yatiraj Ladha',0),(98,'Fixed Asset E-Passbook','Develop e-passbook for maintaining fixed asset using blockchain','Network Security','Application',1,'Prof. Akhilesh Yatiraj Ladha',0),(99,'Sentiment analysis','Classifying sentiment','Machine Learning','Research',2,'Prof. Preksha A. Pareek',0),(100,'Video classification','Classifying actions in video','Deep Learning','Research',2,'Prof. Preksha A. Pareek',0),(101,'Feature extraction','Extracting features from video','Deep Learning','Research',2,'Prof. Preksha A. Pareek',0),(102,'Few shot learning','Recognizing actions from few shot','Deep Learning','Research',2,'Prof. Preksha A. Pareek',0),(103,'City Guide Application','The application will help the user to search nearby places in the city which will be optimized based on their search history.','Others','Application',2,'Prof. Kavita Tewani',0),(104,'Simulation of Memory management algorithm in C','Different Memory management algorithms shall be simulated','Others','Application',1,'Dr. K P Agrawal',0),(105,'Simulation of CPU Scheduling  algorithm in C','Different CPU Scheduling algorithm shall be simulated','Others','Application',2,'Dr. K P Agrawal',0),(106,'House Hunt App','The application will help the users to rent a house based on their requirements and the data will be sorted based on the reviews.','Others','Application',2,'Prof. Kavita Tewani',0),(107,'Event Management System','This is an Online event management system software project that serves the functionality of an event manager. The system allows only registered users to login and new users are allowed to resister on the application. The project provides most of the basic functionality required for an event. It allows the user to select from a list of event types. Once the user enters an event type eg(Marriage, Dance Show etc), the system then allows the user to select the date and time of event, place and the event equipments. ','Web Mining','Application',2,'Prof. Tejal Upadhyay',0),(108,'Classification using appropriate data set','In data mining, two different algorithm for classification shall be used and result will be compared','Data Mining','Research',2,'Dr. K P Agrawal',0),(109,'Clustering  using appropriate data set','In data mining, two different algorithm shall be used for clustering purpose','Data Mining','Research',2,'Dr. K P Agrawal',0),(110,'Speech stress analysis','This is a research based project where students are suppose to work on speech stress to identify the sentiment of the narrator. It has many applications in AI.','Machine Learning','Research',2,'Prof. Kavita Tewani',0),(111,'College Connect','College Connect is platform where current Nirma students and  Alumni can share their profile. The main aim of this project is to connect alumni and current students which can support further study guidance and job opportunities guidance\r\n','Software Systems','Application',2,'Prof. Tejal Upadhyay',0),(112,'Head line generation','To identify the appropriate headline for the set of sentences by identifying the keywords from the text','Artificial Intelligence','Research',1,'Prof. Kavita Tewani',0),(113,'Home Automation System','Home Automation System','Automation','Application',2,'Prof Kruti Lavingia',0),(114,'Student Evaluation Management System','Student Evaluation Management System','Others','Application',1,'Prof. Ajay M Patel',0),(115,'Inventory Management System','Inventory Management System','Software Systems','Application',2,'Prof. Ajay M Patel',0),(116,'Sticky notes','Sticky notes','Software Systems','Application',1,'Prof. Ajay M Patel',0),(117,'Food Review System','Food Review System','Software Systems','Application',1,'Prof. Ajay M Patel',0),(118,'Electronic Voting using  blockchain','Electronic Voting machine will be created using blockchain technology ','Information Security','Research',2,'Dr. K P Agrawal',0),(119,'Question paper generator system','Question paper generator system','Software Systems','Application',1,'Prof. Ajay M Patel',0),(120,'Insurance management using block chain technology','Insurance management system  will be created using blockchain technology ','Information Security','Research',2,'Dr. K P Agrawal',0),(121,'Personnel Management System','Personnel Management System','Automation','Application',1,'Dr. K P Agrawal',0),(122,'Interactive Educational Deskboard for School Children ','Project : Deskboard and School learning to understand Basic concepts their syllabus','Software Systems','Application',1,'Prof. Vipul Chudasama',0),(123,'Personality Prediction System Through CV Analysis','This will enable a more effective way to short list submitted candidate CVs from a large number of applicants providing a consistent and fair CV ranking policy, which can be legally justified. System will rank the experience and key skills required for particular job position. Than system will rank the CVs based on the experience and other key skills which are required for particular job profile. This system will help the HR department to easily shortlist the candidate based on the CV ranking policy. This system will focus not only in qualification and experience but also focuses on other important aspects which are required for particular job position. This system will help the human resource department to select right candidate for particular job profile which in turn provide expert workforce for the organization.','Software Systems','Application',2,'Prof. Tejal Upadhyay',0),(124,'Simulation of cryptocurrencies trade system using blockchain','Using different type of cryptocurrencies, trade enviornment shall be created','Information Security','Research',2,'Dr. K P Agrawal',0),(125,'Voice based Attendance system','A prototype to be developed wherein students can record their attendance through their voice in the class.','Machine Learning','Application',2,'Prof. Sapan Mankad',0),(126,'JAVA simulation of automated Gate operation and Intractive display System','Every society need some automation for Gate entry to capture and identify the information related using image processing  using java ','Computer Vision','Application',2,'Prof. Vipul Chudasama',0),(127,'cloud resource management','Cloud resources management using deep learning','Deep Learning','Research',2,'Prof Vivek K Prasad',0),(128,'Monitoring of cloud resources ','Intelligent monitoring techniques to be used for monitoring of the resources of the Cloud.','Machine Learning','Research',1,'Prof Vivek K Prasad',0),(129,'Webbased reminder system','Reminder system will be created','Others','Application',1,'Dr. K P Agrawal',0),(130,'Prediction of cloud resources ','Prediction of cloud resources using intelligent techniques, to reduce the downtime in the cloud computing environment','Machine Learning','Research',2,'Prof Vivek K Prasad',0),(131,'Micro services for cloud resource monitoring','Management of resources in cloud using microservices','Cloud Computing','Application',1,'Prof Vivek K Prasad',0),(132,'Virtual lab for cloud computing','Generation of virtual lab content for cloud computing expriments ','Cloud Computing','Application',2,'Prof. Vipul Chudasama',0),(133,'micro services and cloud resource prediction','part of cloud resource management and green computing ','Cloud Computing','Research',1,'Prof Vivek K Prasad',0),(134,'Micro services and green cloud computing ','Part of energy-efficient cloud computing or sustainable cloud computing','Cloud Computing','Research',2,'Prof Vivek K Prasad',0),(135,'Intelligent decision making system for safe cloud resource management ','part of resource management  in cloud era','Cloud Computing','Research',2,'Prof Vivek K Prasad',0),(136,'Fraud detection with big data analytics','What is the role for big data analytics in helping insurance companies find ways to detect fraud? Insurance companies want to stop fraud early. By developing predictive models based on both historical and real-time data on wages, medical claims, attorney costs, demographics, weather data, call center notes, and voice recordings, companies are in a better position to identify suspected fraudulent claims in the early stages.','Information Security','Research',2,'Prof Jigna A Patel',0),(137,'Karaoke Generator','Given a song, this system should be able to produce its karaoke version of reasonable quality.','Machine Learning','Application',2,'Prof. Sapan Mankad',0),(138,'big data analytics and election','The election demonstrated that analytics fueled by big data and advancement in computing technology has become an integral part of the presidential campaign process. The real winner of the 2012 election is analytics.','Data Analytics','Application',2,'Prof Jigna A Patel',0),(139,'big data analytics and diabetes','saving life of diabetes patients through BDA ','Data Analytics','Research',2,'Prof Jigna A Patel',0),(140,'smart city development through big data analytics','Surveying the literature reveals an increasing interest in harnessing big data analytics applications in general and in the area of smart cities in particular','Machine Learning','Research',2,'Prof Jigna A Patel',0),(141,' Object Identification and Displacement Analysis using ML Techniques',' Object Identification and Displacement Analysis using ML Techniques','Machine Learning','Research',2,'Prof. Shivani Desai',0),(142,' IoT based smart parking assistance system','\r\nIoT based smart parking assistance system','IoT','Application',2,'Prof. Shivani Desai',0),(143,' Image Classifier using TenserFlow','\r\nImage Classifier using TenserFlow','Machine Learning','Research',2,'Prof. Shivani Desai',0),(144,'Maze Solver','Maze Solver','Others','Application',2,'Prof. Shivani Desai',0),(145,'Sentiment Analysis','Based on the sentence, the system can identify the sentiments. Categories are anger, happy, joy, romance, excited, etc.','Machine Learning','Application',2,'Prof. Dvijesh Bhatt',0),(146,'Power Management ','Monitor Power Consumption from different building / location, analyze and optimize power distribution.','IoT','Research',2,'Prof Monika Shah',0),(147,'GATE Score Predictor tool','This project is intended to predict the marks that a student can obtain, based on his/her level of preparation. ','Data Analytics','Application',2,'Prof. Dhaval S Jha',0),(148,'Document Management system','Make Nirma university faculty portal which can help to handle many works','Others','Application',2,'Prof. Dvijesh Bhatt',0),(149,'Community service management Tool','To handle community service related data','Others','Application',2,'Prof. Dvijesh Bhatt',0),(150,'Usage based Power Profile scheduling','Analyze the utilization pattern  of different resources, generate power profile accordingly and schedule it','Machine Learning','Research',2,'Prof Monika Shah',0),(151,'Image Manipulation using Quadtrees','Quadtrees are an effective method to store and locate data of points in a two-dimensional plane.  Quadtrees can be used to manipulate images. It requires very less memory as compared to linked list representation. ','Image Processing','Application',2,'Prof. Dhaval S Jha',0),(152,'Course Learning outcome generation','Generate the course learning outcome for any subject','Others','Application',1,'Prof. Dvijesh Bhatt',0),(153,'Vehicle Pooling System ','This system helps to reduce the use of vehicles during the working hours of Nirma University. Through this system a person can check the availability of vehicles  in his/her route( from and to Nirma university) and can utilize the same vehicle for transportation . \r\n','Software Systems','Application',2,'Prof. Deepti Saraswat',0),(154,'Energy trading for smart electric vehicles for Vehicle-to-Grid using Software Defined Networking','Electric vehicles (EVs) involves EVS and Charging Stations (CS) in a Vehicle-to-Grid environement in smart grid systems. However, processing the energy trading decisions at remote control centers lead to an increase in delay and network overhead. Thus, to facilitate the same, the energy trading decision of EVs needs to be closer to the edge network. The project involves defining a SDN environment depicting the control, data and application plane for efficiently utilize energy between EVs and CS.','Cloud Computing','Research',2,'Prof. Pronaya Bhattacharya',0),(155,'A survey on Anomaly detection in IoT sensors in IoT sites using machine learning approaches','With the increased use of IoT infrastructure in every domain, threats and attacks in these infrastructures are also growing commensurately. Denial of Service, Data Type Probing, Malicious Control, Malicious Operation, Scan, Spying and Wrong Setup are such attacks and anomalies which can cause an IoT system failure. The project involves study about the machine learning approaches used to predict attacks and comparative analysis of the same.  ','Machine Learning','Research',2,'Prof. Pronaya Bhattacharya',0),(156,'Phishing detection using Machine Learning techniques','Classifying whether a web page is legitimate is a challenging problem. In recent times, semantic based attack structures are used to exploit vulnerabilities   in the URL.  Dataset to be considered is e Ebbu2017 Phishing Dataset, 2017.  Apply various classfiication algorithms and predict the best algorithm to detect real-time phishing.','Machine Learning','Application',2,'Prof. Pronaya Bhattacharya',0),(157,'Customer Churn behavior prediction using deep-learning approaches in telecomm sector','Today customer is in forever search for better services by telecomm vendors. This has increased the attrition, or churn rate of customer by switching between various operators. Thus,  efficient deep learning approaches may be investigated so that telecomm vendors are benefited by classifying the customer as a churner or non-churner in near future.','Deep Learning','Application',2,'Prof. Pronaya Bhattacharya',0),(158,'Information  transparency for buliding blockchain enabled smart recruitment system','The recruitment system controlled by a central authority has its own limitations where process is tedious and cumbersome. Many time, candidates are not satisfied by the  selection results. The project focusses to study about the pitfalls in the various recruitment models and implement a transparent and trust based recruitment system on blockchain where users are informed for every actions.  There is no tampering in results of any of the candidate as well in the chain.','Network Security','Research',2,'Prof. Pronaya Bhattacharya',0),(159,'Hotel recommendation system based on online reviews','Analysis of online reviews based on emotion. The methods of analysis have word-level, sentence-level, document-level. The using of the most widely is word2vec, sen2vec, text2vec, doc2vec based on neural network, deep learning. ','Deep Learning','Application',1,'Prof. Pronaya Bhattacharya',0),(160,'A trust management system for passenger riding in OLA/UBER using blockchain','A decentralized trust management system for riding networks where the users can book cab using wallet and through cryptocurrency. If the ride is accepted by the driver,  block will be mined and added to chain. Once the block is mined, driver cannot refuse the service to the user. Adaptations in the current block are possible only by signed request of the traveller. \r\nin vehicular networks based on blockchain techniques. In this\r\nsystem, vehicles can validate the received messages from neighboring vehicles using Bayesian Inference Model','Network Security','Application',1,'Prof. Pronaya Bhattacharya',0),(161,'Context based recommender system','Context based recommender system','Machine Learning','Research',2,'Prof. Jitali Patel',0),(162,'Movie Success Prediction Using Data Mining ','For developing a model that can help to predict whether the movie flop, hit, or superhit, we propose that we need to create the historical data set relating to parameters that influence movie success and to develop an algorithm to assign weights and develop a mathematical model to automate and predict movie success and finally evaluate the performance of the algorithm to know how good or bad our movie prediction system is.','Data Mining','Application',1,'Prof. Pronaya Bhattacharya',0),(163,'Product Recommendation using sentiment analysis','Product Recommendation using sentiment analysis','Machine Learning','Research',2,'Prof. Jitali Patel',0),(164,'Human Action Recognition System','Human Action Recognition system in context to digital forensics','Image Processing','Research',2,'Prof. Pooja P Shah',0),(165,'Alexa Skill development','Adding two new skills to Alexa related to toddler users. Exact skills to be finalized mutually with interested students','Machine Learning','Research',2,'Prof. Pooja P Shah',0),(166,'Toddler Safety System','Toddler safety system using R-Pi. Various sensor based alerts to avoid mishaps with toddlers.','Automation','Application',2,'Prof. Pooja P Shah',0),(167,'Ship detection from oceanic images','Ship detection from remote sensed oceanic images','Image Processing','Research',2,'Prof. Pooja P Shah',0),(168,'Voice Source Detector','In this project, students are required to build a system which will predict the category of a presented audio sample. Categories may be the source or origin of the signal such as human, machine, animal, bird etc.','Machine Learning','Research',1,'Prof. Sapan Mankad',0),(169,'Musical Instrument Recognition','Given an audio file with music recording, the system aims at determining the instrument which generated the sound.','Machine Learning','Application',1,'Prof. Sapan Mankad',0),(170,'Image Captioning','In the image, captions are to be assigned to a different object of the image. ','Machine Learning','Application',1,'Prof Rupal A Kapdi',0),(171,'Image Classification','Classify the image in different categories. ','Machine Learning','Application',1,'Prof Rupal A Kapdi',0),(172,'2D Image Segmentation','From the image segment the specified object.','Deep Learning','Application',2,'Prof Rupal A Kapdi',0),(173,'3D image segmentation','From the 3D image, segment the specified object. ','Deep Learning','Application',2,'Prof Rupal A Kapdi',0),(174,'Survival Prediction of tumor patients','From the image information, the survival of the patient is to be calculated in a number of days. ','Machine Learning','Application',2,'Prof Rupal A Kapdi',0),(175,'Automatic Number Plate Recognition','To implement system for recognizing number plate of car from any direction','Image Processing','Application',1,'Prof. Parita Oza',0),(176,'Image Steganography with Encryption','To implement system for securing data(images) using both stegnography as well as encryption techniques','Information Security','Application',1,'Prof. Parita Oza',0),(177,'Image Transformation','Applying 3D Transformations on input images','Image Processing','Application',1,'Prof. Parita Oza',0),(178,'Analysis and implementation of restoration algorithms for medical images','In this project, students are expected to Implement and analyse the recent benchmark restoration algorithms available in literature for de-noising the medical images arising from various imaging modalities such as MRI, Ultrasound etc','Image Processing','Research',1,'Prof. Parita Oza',0),(179,'Implementation and comparative analysis of Homomorphic Cryptography Techniques','Implementation and comparative analysis of Homomorphic Cryptography Techniques','Information Security','Research',1,'Prof. Parita Oza',0),(180,'Timetable Generator','Timetable Generator','Artificial Intelligence','Application',2,'Dr Pimal Khanpara',0),(181,'Student Information System','Student Information System','Others','Application',2,'Dr Pimal Khanpara',0),(182,'Project Information Management System','Project Information Management System','Others','Application',2,'Dr Pimal Khanpara',0),(183,'Voice enabled email system','Voice enabled email system','Others','Application',2,'Dr Pimal Khanpara',0),(184,'Smart Bin','Smart waste management System','IoT','Application',2,'Dr Pimal Khanpara',0),(185,'Smart Pantry','Smart Pantry','IoT','Application',1,'Dr Pimal Khanpara',0),(186,'graph construction and similarity measures ','to construct a graph from given structure and apply similarity measures to find the similarity between nodes.','Data Mining','Research',2,'Prof Tarjni Vyas',0),(187,'Exam hall seating arrangement ','Exam hall seating arrangement ','Others','Application',1,'Dr Pimal Khanpara',0),(188,'Smart water sprinkler ','Smart water sprinkler  ','IoT','Application',1,'Dr Pimal Khanpara',0),(189,'Voice based attendance','Voice based attendance','Others','Application',1,'Dr Pimal Khanpara',0),(190,'word sense disambiguation for indian language ','use wordnet as a database and retrieve appropriate words as per context given in statement ','Machine Learning','Research',2,'Prof Tarjni Vyas',0),(191,'Gujarati novel meaning system','In kindle for english novel if we click a word it gives us meaning related to it.. same thing needs to be done for gujarati language.','Machine Learning','Research',2,'Prof Tarjni Vyas',0),(192,'Face Recognition based Attendance System','Face Recognition based Attendance System using Deep Learning. Target is to develop an actual working system.','Deep Learning','Research',2,'Dr. Priyank Thakkar',0),(193,'Helmet Detection','Helmet Detection for riders and employees in the plants','Deep Learning','Research',2,'Dr. Priyank Thakkar',0),(194,'Audio-Visual Scene aware Dialog','Audio-Visual Scene aware Dialog using Deep Learning','Deep Learning','Research',2,'Dr. Priyank Thakkar',0),(195,'Counting Product bags on the Conveyor Belt','Counting Product bags on the Conveyor Belt using Deep LEarning','Deep Learning','Research',2,'Dr. Priyank Thakkar',0),(196,'Blockchain based secure E-voting decentralised application','Implement and test a sample e-voting application as a smart contract for the Ethereum network using the Ethereum wallets and the Solidity language. Android platform is also considered to allow voting for people who do not have an Ethereum wallet. After an election is held, eventually, the Ethereum blockchain will hold the records of ballots and votes. ','Network Security','Application',1,'Prof. Pronaya Bhattacharya',0),(198,'Stock trend prediction using Machine Learning','Predict the stock trend using machine learning techniques.','Machine Learning','Research',2,'Dr. Ankit Thakkar',0),(199,'Network Attacks classification using machine learning','Classify network attacks using machine learning','Machine Learning','Research',2,'Dr. Ankit Thakkar',0),(200,'Sentiment analysis using machine learning','Predict sentiment present in the text using machine learning techniques.','Machine Learning','Research',2,'Dr. Ankit Thakkar',0),(201,'Evolutionary machine learning','Enhance the performance of the machine learning algorithms using evolutionary techniques','Machine Learning','Research',2,'Dr. Ankit Thakkar',0),(202,'Development of Campus Online Course Portal','This project aims at creating a Courses portal for a campus/organization. This allows registered users of the system to join a course available in the site and access the materials published for the course. People can register themselves as students of a course or Faculty for a course. ','Software Systems','Application',2,'Dr. Smita Darandale',0),(203,'Sports Event Management System','The sports event management system is a project where students can find the details of various games and the information of the college where the games are being conducted. Admin will add all the collected information in the project where students can see and get register for the game.','Software Systems','Application',2,'Dr. Smita Darandale',0),(204,'Development of Feedback Analysis of Interview ','Feedback analysis of interview is an application which provides an easy way to analyze the interview process in college. In this application all the details of new companies will be added. So that, students can easily finds the details of the companies. Seniors will add questions with answers which can guide their juniors for their interviews. This Feedback Analysis of Interview application allows seniors and juniors an easy way to prepare for the interview. Faculty can view all the questions added by seniors and they can make modification if necessary. In this application faculty, seniors and juniors can share question regarding the interview.','Software Systems','Application',2,'Dr. Smita Darandale',0),(205,'Hospital Service Management','This system register and store patient details/doctor details and retrieve these details automatically. In this project the data will be entered in electronic format by anesthetists in the hospital. This automatic updating process saves lot of time, work and gets information within no time.','Automation','Application',2,'Dr. Smita Darandale',0),(206,'Seat Occupancy Detection in Public Transport Vehicle','Seat Occupancy Detection in Public Transport Vehicle','IoT','Application',2,'Dr Zunnun Narmawala',0),(207,'Seat Occupancy Detection in Public Transport Vehicle','Seat Occupancy Detection in Public Transport Vehicle','IoT','Application',1,'Dr Zunnun Narmawala',0),(208,'Automatic Air Conditioner On/Off','Based on weather condition','IoT','Application',2,'Dr Zunnun Narmawala',0),(209,'Automatic Air Conditioner On/Off','Based on weather condition','IoT','Application',1,'Dr Zunnun Narmawala',0),(210,'Automatic Window Operation','Opening room windows automatically based on timer or AC status','IoT','Application',2,'Dr Zunnun Narmawala',0),(211,'Automatic Window Operation','Opening room windows automatically based on timer or AC status','IoT','Application',1,'Dr Zunnun Narmawala',0),(212,'Nirma Bus Tracking','Realtime bus location information along with estimated time of arrival.','IoT','Application',2,'Dr Zunnun Narmawala',0),(213,'Nirma Bus Tracking','Realtime bus location information along with estimated time of arrival.','IoT','Application',1,'Dr Zunnun Narmawala',0),(214,'Optimal Route Selection in Multi-modal Public Trasport','Find out best route from source to destination in terms of time, cost, number of change overs, seat availability','Others','Application',2,'Dr Zunnun Narmawala',0),(215,'Optimal Route Selection in Multi-modal Public Trasport','Find out best route from source to destination in terms of time, cost, number of change overs, seat availability','Others','Application',1,'Dr Zunnun Narmawala',0),(216,'Surveillance system','Simulator or hardware based surveillance system to monitor and trigger any anomalies in the region of interest','Computer Vision','Application',2,'Prof. Anitha Modi',0),(217,'Object counting in images','Segregation of ROI and counting them to estimate from expected to actual available.','Computer Vision','Application',2,'Prof. Anitha Modi',0),(218,'Decision support system for farmers ','A support system to assist farmers to address various issues. A preliminary prototype can be developed.','Machine Learning','Application',2,'Prof. Anitha Modi',0),(219,'Voice to text converter','A transcript generator that can generate the text from input voice or video','Deep Learning','Application',2,'Prof. Anitha Modi',0),(220,'land estimation from aerial images','To estimate land cover from aerial images','Deep Learning','Application',2,'Prof. Anitha Modi',0),(221,'Maintenance prediction for Machine based on Temporal Data','There are different probes that senses the health of a machine. A predictive algorithm that can estimate the time for maintenance.','Deep Learning','Application',2,'Dr. Swati Jain',0),(222,'Estimation of the mental health of an Individual based n different medical history.','Data of approx 16K patients with different medical history and body parameters. To analyze and predict the mental health of the individual.','Machine Learning','Application',2,'Dr. Swati Jain',0),(223,'Breast cancer prediction on SEER data','SEER data is available in public domain and prediction of breast cancer is an open challenge in active learning domain','Machine Learning','Research',2,'Dr. Swati Jain',0),(224,'Mining of relevant information in a operational manual','An operational manual can be several hundreds of page for a big system While operation finding out a relevant answer on any query made in natural language in real time.','Deep Learning','Research',2,'Dr. Swati Jain',0),(225,'Blockchain based Decentralized Banking application','The system will be based on private blockchain concept','Others','Application',2,'Dr. Gaurang Raval',0),(226,'Biometric Stamp Reminder App','Android Mobile App to be designed for Biometric punch reminder','Others','Application',1,'Dr. Gaurang Raval',0),(227,'GPS- tracking the route','On the basis of longitude and latitude you we will be able to plot the locations and finally tack the route.','Others','Application',1,'Prof. Ashwin Verma',0),(228,'Facebook sentiment analysis','People post their status and daily activities, on the basis of that data we can infer how healthy a life style someone is living.','Data Analytics','Application',1,'Prof. Ashwin Verma',0),(229,'Natural Language Processing','On the basis of some content written by an anonymous author we try to recognize the author.','Data Analytics','Application',1,'Prof. Ashwin Verma',0),(230,'Area calculation on image','Development of an application which calculate the area of a highlighted portion of a Image.','Image Processing','Application',1,'Prof. Ashwin Verma',0),(231,'Browser automation Whatsapp','Automation of Whatsapp through browser.','Automation','Application',1,'Prof. Ashwin Verma',0),(232,'Cloud Data Security','What measures are configured to protect data and customers privacy as well, and how authentication rules are sets for individual users and devices.','Cloud Computing','Research',2,'Prof. Ashwin Verma',0),(233,'Intrusion detection Algorithm','A system that monitors the network traffic for suspicious activities and issues an alert when such activity is discovered. ','Network Security','Research',2,'Prof. Ashwin Verma',0),(234,'Online: Students Mentoring System for ITNU','To fully automate the existing Students Mentoring process of ITNU','Automation','Application',2,'Prof. Daiwat Vyas',0),(235,'Nirma Canteen Food Order Management System','To automate the current Nirma Canteen Food Order Management System','Automation','Application',2,'Prof. Daiwat Vyas',0),(236,'NUConnect: An application to connect staff, students and faculties of Nirma University','A mobile application that helps to connect staff, students and faculties of Nirma University for various academic activities carried out.','Others','Application',2,'Prof. Daiwat Vyas',0),(237,'To design blockchain based network management framework for IoT devices','A network management framework for IoT devices','IoT','Research',2,'Mr Bodkhe Umesh Sakharam',0),(238,'To develop SDN based network management framework for IoT devices','SDN based network management framework for IoT devices','IoT','Research',2,'Mr Bodkhe Umesh Sakharam',0),(239,'Secured IoT based smart irrigation system','Secured IoT based smart irrigation system','IoT','Research',2,'Mr Bodkhe Umesh Sakharam',0);
/*!40000 ALTER TABLE `project_titles` ENABLE KEYS */;
UNLOCK TABLES;

--
-- Table structure for table `students`
--

DROP TABLE IF EXISTS `students`;
/*!40101 SET @saved_cs_client     = @@character_set_client */;
/*!40101 SET character_set_client = utf8 */;
CREATE TABLE `students` (
  `id` int(11) NOT NULL AUTO_INCREMENT,
  `email` varchar(50) NOT NULL,
  `password` varchar(50) NOT NULL DEFAULT '4cb9c8a8048fd02294477fcb1a41191a',
  `flag` int(1) NOT NULL DEFAULT 0,
  PRIMARY KEY (`id`)
) ENGINE=InnoDB AUTO_INCREMENT=311 DEFAULT CHARSET=latin1 ROW_FORMAT=COMPACT;
/*!40101 SET character_set_client = @saved_cs_client */;

--
-- Dumping data for table `students`
--

LOCK TABLES `students` WRITE;
/*!40000 ALTER TABLE `students` DISABLE KEYS */;
INSERT INTO `students` (`id`, `email`, `password`, `flag`) VALUES (1,'17BCE001@nirmauni.ac.in','85efae981e5b5a13fe4c91e1f2ee8293',1),(2,'17BCE002@nirmauni.ac.in','cbd63a93b06d5bdc759010a921583d8c',1),(3,'17BCE003@nirmauni.ac.in','477be2cb678ea81428e0e72b635d6970',1),(4,'17BCE005@nirmauni.ac.in','09c319ed9237a7954a0ac9b64a4657a6',1),(5,'17BCE006@nirmauni.ac.in','f2a1d972de8ed850e9d8e30a48dc8ac8',1),(6,'17BCE007@nirmauni.ac.in','b54e42ed68670e1bbe7f43486853daf4',1),(7,'17BCE008@nirmauni.ac.in','859c0f91ff7635d7488e29ea646a511f',1),(8,'17BCE009@nirmauni.ac.in','64848d184c388a95a4a13e69b2c9015a',1),(9,'17BCE010@nirmauni.ac.in','8cfb16a6e6ccad0dad35eb731ee4f341',1),(10,'17BCE011@nirmauni.ac.in','8723050dcb89a99511212310b2cf7bcb',1),(11,'17BCE012@nirmauni.ac.in','1825f943e20e9a36cdd85002e2130d41',1),(12,'17BCE013@nirmauni.ac.in','5dde77df43d2508df589ffcd413b3353',1),(13,'17BCE014@nirmauni.ac.in','7cdb932cedac8e9e516afa6450a8c889',1),(14,'17BCE015@nirmauni.ac.in','8620773558393977090aeb280ef3941b',1),(15,'17BCE016@nirmauni.ac.in','4cb9c8a8048fd02294477fcb1a41191a',0),(16,'17BCE017@nirmauni.ac.in','d26d4f8f8c1dd3b23824a4e9df576c27',1),(17,'17BCE018@nirmauni.ac.in','4cb9c8a8048fd02294477fcb1a41191a',0),(18,'17BCE019@nirmauni.ac.in','e3aa42985ced2744bfc77fccbffb457e',1),(19,'17BCE020@nirmauni.ac.in','a7422b839e9917dfc479cf7a383f14a1',1),(20,'17BCE021@nirmauni.ac.in','15895df32de9c397caf89f1a19eedd7c',1),(21,'17BCE022@nirmauni.ac.in','3dc0208c68e2d72e1a6f33ab2aca5643',1),(22,'17BCE023@nirmauni.ac.in','464e44b901fbc35397fb3facfe8dfafb',1),(23,'17BCE024@nirmauni.ac.in','3a44a715dbf3e6f05c3a7fdf7635b35c',1),(24,'17BCE025@nirmauni.ac.in','44eae0bd1766befe2728e78653f41920',1),(25,'17BCE026@nirmauni.ac.in','257be789506eff3f7b9eebbbb73cce29',1),(26,'17BCE027@nirmauni.ac.in','b9b08f63ad77e659e4db6fffb280ca4b',1),(27,'17BCE028@nirmauni.ac.in','58d743db6849c015de6f5387282b77d1',1),(28,'17BCE029@nirmauni.ac.in','f63c6c9b97069fd1f6ce1cac1542becd',1),(29,'17BCE030@nirmauni.ac.in','89cb3287c57df81da4c279d75a61efad',1),(30,'17BCE031@nirmauni.ac.in','a2945a5105932a209203870fae412800',1),(31,'17BCE032@nirmauni.ac.in','38fa6e0981662c576db8bfeb6ac84e73',1),(32,'17BCE033@nirmauni.ac.in','4799b9e8bd4ac1c7afc2b99e2233e5c7',1),(33,'17BCE034@nirmauni.ac.in','26a2153c3e3df4c64409129894b6e40c',1),(34,'17BCE035@nirmauni.ac.in','da60c231e9dfa0f8d22563d0f8ac9990',1),(35,'17BCE036@nirmauni.ac.in','6f0e1fc760e854137fb4430ef96f5ba1',1),(36,'17BCE037@nirmauni.ac.in','31d858a170aa30f538b92bc1bbb6df66',1),(37,'17BCE039@nirmauni.ac.in','1d74b180756b21923f2b995935ed2119',1),(38,'17BCE040@nirmauni.ac.in','84dd53b4cd9eeaea68733edd66310f76',1),(39,'17BCE041@nirmauni.ac.in','f9669d9cd8b6abc9bded37c0e4297812',1),(40,'17BCE043@nirmauni.ac.in','77798d8040b253b14bb91f8771a3e342',1),(41,'17BCE045@nirmauni.ac.in','404d4debe533f67823a70ab6169e1d68',1),(42,'17BCE046@nirmauni.ac.in','8d09635a76613b3029d05dc32fa0fe8d',1),(43,'17BCE047@nirmauni.ac.in','b86c7fd45850cee3258a315c80c05d07',1),(44,'17BCE048@nirmauni.ac.in','aac21dcbe2b6c61b1ed9c245c528a88e',1),(45,'17BCE049@nirmauni.ac.in','4528f17ef014ea36231fa95d8f8f7eac',1),(46,'17BCE050@nirmauni.ac.in','f9b99833ea9d46f72e1d56fb181e2a15',1),(47,'17BCE051@nirmauni.ac.in','84bde950feb57b35fa28bddb45445d21',1),(48,'17BCE052@nirmauni.ac.in','687e889cd74cf1f5b9b119ac49f2c10c',1),(49,'17BCE053@nirmauni.ac.in','4afd56bdc476af372c119aa4d43358ec',1),(50,'17BCE054@nirmauni.ac.in','e098d5fb59d51533b018bcc6f0a671c5',1),(51,'17BCE055@nirmauni.ac.in','4afa9b5aefe2b8357221b9338b86f7c5',1),(52,'17BCE056@nirmauni.ac.in','90974ba0210bc4d568f1a9cc9a79d76c',1),(53,'17BCE057@nirmauni.ac.in','e9128053eaae8c2169bf44bc4d60e894',1),(54,'17BCE058@nirmauni.ac.in','c7f7495508f8fe14c279428ed84f5210',1),(55,'17BCE059@nirmauni.ac.in','170052069c6adaab00eb71389aedad83',1),(56,'17BCE060@nirmauni.ac.in','31b412af1d115806105351d77ba28d8a',1),(57,'17BCE061@nirmauni.ac.in','415dac6ec21c8812dd6c5c37c06a2038',1),(58,'17BCE062@nirmauni.ac.in','861ba7472e7071f243b626b94bdd0609',1),(59,'17BCE063@nirmauni.ac.in','5a90a2ddbc2d49a729ef42cabb9d966e',1),(60,'17BCE064@nirmauni.ac.in','7be59114be56af592e8eb18737204938',1),(61,'17BCE065@nirmauni.ac.in','04000e6039c1c69acfa86648cb457504',1),(62,'17BCE066@nirmauni.ac.in','a084b1f3591e24a11de08b8c3f348449',1),(63,'18BCE351@nirmauni.ac.in','9d5403dd2be7ab767861e237ef4937b7',1),(64,'18BCE353@nirmauni.ac.in','f61a5024ca12b7ed7e7f6c365200e5cf',1),(65,'18BCE354@nirmauni.ac.in','4cb9c8a8048fd02294477fcb1a41191a',0),(66,'18BCE355@nirmauni.ac.in','0ce985b5ecf496c65084239eb8133ce9',1),(67,'18BCE356@nirmauni.ac.in','fced4e09c79051eb65ec7f9b420c74ad',1),(68,'18BCE357@nirmauni.ac.in','bb02e7474e15be526756994a5c76af43',1),(69,'18BCE358@nirmauni.ac.in','d00f5d5217896fb7fd601412cb890830',1),(70,'18BCE359@nirmauni.ac.in','03eb958ba4dc1252086b27d4f3e75c5e',1),(71,'18BCE360@nirmauni.ac.in','d00f5d5217896fb7fd601412cb890830',1),(72,'18BCE361@nirmauni.ac.in','3eae957e66e61eb01f7e4be19dcb33a5',1),(73,'18BCE362@nirmauni.ac.in','75d6bc2ba1e3185aaf6e68c6c2d3bb91',1),(74,'18BCE363@nirmauni.ac.in','637972ee1fe95dd611271e397b05eab8',1),(75,'18BCE364@nirmauni.ac.in','7571093c8058fe1c0ae833944ac105ed',1),(76,'18BCE365@nirmauni.ac.in','756eefd87a69cc4afc7602202fba562c',1),(77,'17BCE067@nirmauni.ac.in','5a73d07ff35381ad7edc8155b1d8e6f6',1),(78,'17BCE068@nirmauni.ac.in','f1cd466d3f10655e96fcf5ddb556f93c',1),(79,'17BCE069@nirmauni.ac.in','52b539aa5835595df84212951f19e578',1),(80,'17BCE070@nirmauni.ac.in','a428970cc3f6cd367c0f1610ae37362c',1),(81,'17BCE071@nirmauni.ac.in','d08a9a2537ec65851e73747ad72de98f',1),(82,'17BCE072@nirmauni.ac.in','11633b9955288ee07b8fb449c6e6129a',1),(83,'17BCE073@nirmauni.ac.in','563a8080699af1880560a1900b6ded90',1),(84,'17BCE074@nirmauni.ac.in','628b6a27f75fa952fb608c957d8132cd',1),(85,'17BCE075@nirmauni.ac.in','e8b8257ffa177644aa05653150d04639',1),(86,'17BCE076@nirmauni.ac.in','c4705a2bae179eeb2c2c41120d7322f6',1),(87,'17BCE077@nirmauni.ac.in','31e3c7dee134511bc782d913d7fe123f',1),(88,'17BCE078@nirmauni.ac.in','5b6acdb31a785b0582aaa2f8c288b563',1),(89,'17BCE079@nirmauni.ac.in','ca9e5ab5473587fdf3ea72e4dbf2aa07',1),(90,'17BCE080@nirmauni.ac.in','f306108a2d3d3b1ac78c49e1307f29ac',1),(91,'17BCE081@nirmauni.ac.in','4b271e3db8d3d4bb336b14d65617eebd',1),(92,'17BCE082@nirmauni.ac.in','42e59ff86ffabc56042b6fa7e131feea',1),(93,'17BCE083@nirmauni.ac.in','7c002c3a5064a260f5e37f6001fdbb3a',1),(94,'17BCE084@nirmauni.ac.in','b5f2094579ea8cc5139b3d99501043b4',1),(95,'17BCE085@nirmauni.ac.in','a1157a90861b6514cadcfea991e6928e',1),(96,'17BCE086@nirmauni.ac.in','7bcffebf380728a143e5d74b4de2bbd8',1),(97,'17BCE087@nirmauni.ac.in','d020103ccc8ca95c5f05fb8dd9979ae7',1),(98,'17BCE088@nirmauni.ac.in','5985155bc5c61fabc3a20d53aa295f1b',1),(99,'17BCE089@nirmauni.ac.in','a15fa345ce5198fc6695fa913028f6d7',1),(100,'17BCE090@nirmauni.ac.in','e91b3891b28347cfbb26d9cea03844c5',1),(101,'17BCE091@nirmauni.ac.in','7b7e64f4dc565fd1573b1d1c33afbf0e',1),(102,'17BCE092@nirmauni.ac.in','6ca300f97e9cf4a873faec35973bc8f9',1),(103,'17BCE093@nirmauni.ac.in','9b1ee376b93280afbeb3d6ede6519555',1),(104,'17BCE094@nirmauni.ac.in','6555dcfae4ed0d659e95bcbd3f7f8a37',1),(105,'17BCE096@nirmauni.ac.in','4cb9c8a8048fd02294477fcb1a41191a',0),(106,'17BCE097@nirmauni.ac.in','8389420aeecbc2fcfad193c384be83f6',1),(107,'17BCE098@nirmauni.ac.in','f5709e24c8f511150ccc3a8e28507533',1),(108,'17BCE099@nirmauni.ac.in','734da29027e2e36a60450c06d8e32dff',1),(109,'17BCE100@nirmauni.ac.in','8262bcdfe582310393f0473f914aff79',1),(110,'17BCE102@nirmauni.ac.in','4cb9c8a8048fd02294477fcb1a41191a',0),(111,'17BCE103@nirmauni.ac.in','f5c4f41598ecbe14f4d5d43bc03edc65',1),(112,'17BCE104@nirmauni.ac.in','866dd2fec625516ef5c18e31699838f4',1),(113,'17BCE105@nirmauni.ac.in','4cb9c8a8048fd02294477fcb1a41191a',0),(114,'17BCE106@nirmauni.ac.in','ab76478d4de3b8d47074a5daa09d8ad2',1),(115,'17BCE107@nirmauni.ac.in','4cb9c8a8048fd02294477fcb1a41191a',0),(116,'17BCE108@nirmauni.ac.in','4cb9c8a8048fd02294477fcb1a41191a',0),(117,'17BCE109@nirmauni.ac.in','b7e969a74a9ae4613f6747f73b7ba5e7',1),(118,'17BCE110@nirmauni.ac.in','ff7378d2ab0eb772985fa9505d63585d',1),(119,'17BCE111@nirmauni.ac.in','216d9212be06a0a178df3748119cabd3',1),(120,'17BCE112@nirmauni.ac.in','68a42502ec70ee208bdc14f93e3cd01f',1),(121,'17BCE113@nirmauni.ac.in','4cb9c8a8048fd02294477fcb1a41191a',0),(122,'17BCE114@nirmauni.ac.in','e138bd687bc69420fb82ccbce7fe9533',1),(123,'17BCE116@nirmauni.ac.in','81e6a6c6d51b87b6db5b7f62088ee96b',1),(124,'17BCE117@nirmauni.ac.in','1fa22b2586899a510f73b6da976cb80e',1),(125,'17BCE119@nirmauni.ac.in','2ac9cb7dc02b3c0083eb70898e549b63',1),(126,'17BCE120@nirmauni.ac.in','c44e6b15d7c394ec4a8de57cc437d266',1),(127,'17BCE121@nirmauni.ac.in','1f53944bdc4a60f49cb9eee5c5c29100',1),(128,'17BCE122@nirmauni.ac.in','e1ea69fcaa3668bddb0f4eb36f753084',1),(129,'17BCE123@nirmauni.ac.in','85f94596b47ed2f7f0b847f5d2bec1a1',1),(130,'17BCE124@nirmauni.ac.in','e509463d17026ddc331497a07d50fda0',1),(131,'17BCE125@nirmauni.ac.in','96fc510ce354e92d3537be1a90d23e94',1),(132,'17BCE126@nirmauni.ac.in','520a74f2f73809e042c1d400183379f4',1),(133,'17BCE127@nirmauni.ac.in','4cb9c8a8048fd02294477fcb1a41191a',0),(134,'17BCE128@nirmauni.ac.in','c16a0c9d62e87872cfa52e22a3b15b19',1),(135,'17BCE129@nirmauni.ac.in','9d84fa7ec40e7adc4e52a3f579918ad1',1),(136,'17BCE130@nirmauni.ac.in','09af2db3a4c3f2405271db568483bacf',1),(137,'17BCE131@nirmauni.ac.in','4cb9c8a8048fd02294477fcb1a41191a',0),(138,'17BCE132@nirmauni.ac.in','2e7fd756dc2ba785317deae39ba7cdfa',1),(139,'17BCE133@nirmauni.ac.in','4cb9c8a8048fd02294477fcb1a41191a',0),(140,'17BCE134@nirmauni.ac.in','4cb9c8a8048fd02294477fcb1a41191a',0),(141,'17BCE135@nirmauni.ac.in','b15cc5c3bc24a411693e1b9b2204249f',1),(142,'17BCE136@nirmauni.ac.in','5bfb37197e1dc6ea540b7828515a8753',1),(143,'17BCE137@nirmauni.ac.in','77a1b94240b13077e4b879dbcde58300',1),(144,'17BCE138@nirmauni.ac.in','20bc524a29b47f83d807bcf9b19e6b6e',1),(145,'17BCE174@nirmauni.ac.in','4cb9c8a8048fd02294477fcb1a41191a',0),(146,'18BCE367@nirmauni.ac.in','b3db04cf0c1e07bad1aa7837e7974a5f',1),(147,'18BCE368@nirmauni.ac.in','05959f9a935fb2d110e2ec3d57f9f0ee',1),(148,'18BCE369@nirmauni.ac.in','6271c72c66ebd653b0724dc089a30a56',1),(149,'18BCE370@nirmauni.ac.in','4cb9c8a8048fd02294477fcb1a41191a',0),(150,'18BCE372@nirmauni.ac.in','3243b685049a52bc5430c31a042190b1',1),(151,'18BCE373@nirmauni.ac.in','2658f66d9b529f8b1ae860337b5261e9',1),(152,'18BCE374@nirmauni.ac.in','4cb9c8a8048fd02294477fcb1a41191a',0),(153,'18BCE375@nirmauni.ac.in','a064b00b1fd8f2a0b86dee4539485952',1),(154,'18BCE376@nirmauni.ac.in','93a2129647a3b99b7b73d8e57fe3de75',1),(155,'12mict53@nirmauni.ac.in','4cb9c8a8048fd02294477fcb1a41191a',1),(157,'16BIT025@nirmauni.ac.in','355da3890f56c2d4ff8cde8c30218f00',1),(158,'16BIT030@nirmauni.ac.in','e7fca7fc2ca69f4fd3446eef40f14999',1),(159,'16BIT056@nirmauni.ac.in','4cb9c8a8048fd02294477fcb1a41191a',0),(160,'16BIT058@nirmauni.ac.in','18eb436bc3a004adc508e63b708c13e1',1),(161,'17BIT001@nirmauni.ac.in','db5d19660c9f8dc9def025ebd8a949fd',1),(162,'17BIT002@nirmauni.ac.in','3ccce3a7c63db686eef93b43a8eeaef1',1),(163,'17BIT003@nirmauni.ac.in','d7bc8988c990f2e9a9226b65afa61ec5',1),(164,'17BIT004@nirmauni.ac.in','5d5f4ec864eac4e347f5a3ccf99f4902',1),(165,'17BIT005@nirmauni.ac.in','284a40af99af7896e7b57415b7feb945',1),(166,'17BIT006@nirmauni.ac.in','492237c331ae47f031553797f7e635bf',1),(167,'17BIT007@nirmauni.ac.in','407041237b2939ab1c52a9f0535919ea',1),(168,'17BIT008@nirmauni.ac.in','9803acffab5323a1e0c13c08615960ec',1),(169,'17BIT009@nirmauni.ac.in','e911255c28ec7ef0e65ce50b7ca300a9',1),(170,'17BIT010@nirmauni.ac.in','119b4472580ec5fcb41cdf98c95008b5',1),(171,'17BIT011@nirmauni.ac.in','4999ed3db4256a327b76e3cffae48fe6',1),(172,'17BIT012@nirmauni.ac.in','edf38bffa777424e65ecd3d19156339f',1),(173,'17BIT013@nirmauni.ac.in','14f9483adc0276168d5367369c284d86',1),(174,'17BIT014@nirmauni.ac.in','0a54e2af68c5303d5f4050b448e49e39',1),(175,'17BIT015@nirmauni.ac.in','d4c664060085667a75d779a239e7414a',1),(176,'17BIT016@nirmauni.ac.in','e99e0588c7e9a0ef8cb3f3d338b8a326',1),(177,'17BIT017@nirmauni.ac.in','a73009a91603e5a171bd3731fe370c18',1),(178,'17BIT018@nirmauni.ac.in','4cb9c8a8048fd02294477fcb1a41191a',0),(179,'17BIT019@nirmauni.ac.in','00cecb245b7235e0c663a7bd199a375b',1),(180,'17BIT020@nirmauni.ac.in','7f1c8c254dd94a5232442ff36af35be7',1),(181,'17BIT021@nirmauni.ac.in','1167e88568f36fc5e50e2872d21c41fb',1),(182,'17BIT023@nirmauni.ac.in','0aef2db6b0f274c0d5144afe24f5f25b',1),(183,'17BIT024@nirmauni.ac.in','b17e714ce89597798505229d567edc5d',1),(184,'17BIT025@nirmauni.ac.in','afdb752bb63bc666cc192dc4567e6940',1),(185,'17BIT026@nirmauni.ac.in','a27e3909199472d21420fc8e157fcced',1),(186,'17BIT027@nirmauni.ac.in','d94c7b700d8503179c012143421034b2',1),(187,'17BIT028@nirmauni.ac.in','b1a92a54a2466edd266b178be44ac51c',1),(188,'17BIT029@nirmauni.ac.in','63ec823df057c64c266e856b0593680e',1),(189,'17BIT030@nirmauni.ac.in','12e7e47a3805ed3d62ece9505ee92cd2',1),(190,'17BIT031@nirmauni.ac.in','fea6e80c44e5c09c2a26c85dcd5b5bc3',1),(191,'17BIT032@nirmauni.ac.in','125906183dfed2d673be9c17def83db9',1),(192,'17BIT033@nirmauni.ac.in','0aa4832edbdb227c247eb80f6f38accb',1),(193,'17BIT034@nirmauni.ac.in','68412c67b8c843a70178c2ddf2b80839',1),(194,'17BIT035@nirmauni.ac.in','1c8d9bdf537b7b067c0608d01b56278a',1),(195,'17BIT036@nirmauni.ac.in','2c9712b5f5e8b3dbe3d56c077d82b793',1),(196,'17BIT037@nirmauni.ac.in','9899c2578a42792fed2838cf9c1e3f04',1),(197,'17BIT039@nirmauni.ac.in','cd3ce93f5c6052eadf44b029d7b201f2',1),(198,'17BIT040@nirmauni.ac.in','676c2bd147da2027ac6a64a68d5167f5',1),(199,'17BIT041@nirmauni.ac.in','4cb9c8a8048fd02294477fcb1a41191a',0),(200,'17BIT042@nirmauni.ac.in','4cb9c8a8048fd02294477fcb1a41191a',0),(201,'17BIT043@nirmauni.ac.in','c9d435a5a82c33dee7a11b577bb67965',1),(202,'17BIT044@nirmauni.ac.in','db0a2cb7fffbbcfb5a6b292d2e883f6a',1),(203,'17BIT045@nirmauni.ac.in','daba9d523dfd8bbfb95d3a0a48d332c4',1),(204,'17BIT046@nirmauni.ac.in','7c9f9b157781902821f6b1f9f8faa222',1),(205,'17BIT047@nirmauni.ac.in','93f49071a873b999dd5e84d2c984bbc9',1),(206,'17BIT048@nirmauni.ac.in','694fdb2ab32d3028b939e8e0ed220d67',1),(207,'17BIT049@nirmauni.ac.in','420c2e17611ece08fbc966087b183dda',1),(208,'17BIT050@nirmauni.ac.in','0c19d9bbd028e30142ba3a2de8ca8982',1),(209,'17BIT051@nirmauni.ac.in','797cb09c17c79e34958a97e7035f4a7b',1),(210,'17BIT052@nirmauni.ac.in','91c2549150eb8e8dfe76dd0005bf803c',1),(211,'17BIT053@nirmauni.ac.in','d661e8b9c6d7bdc80bb8efc69cf8463c',1),(212,'17BIT054@nirmauni.ac.in','95b7d8b31a8133f18024d6282ad48710',1),(213,'17BIT055@nirmauni.ac.in','a0763a763607a79f641104a849c343c3',1),(214,'17BIT056@nirmauni.ac.in','3469488df94293d982d85065160cc1e6',1),(215,'17BIT057@nirmauni.ac.in','39933f6ddb7d5002a608ddf1a78a5ecb',1),(216,'17BIT058@nirmauni.ac.in','0f8b87ae0ea6c222cf7c1b95ba71bd39',1),(217,'17BIT060@nirmauni.ac.in','4cb9c8a8048fd02294477fcb1a41191a',0),(218,'17BIT061@nirmauni.ac.in','efdfe8d21edd1474bce85aeb40dd57a9',1),(219,'17BIT062@nirmauni.ac.in','b695cdf8ce824d623075791c07425094',1),(220,'17BIT063@nirmauni.ac.in','893d4d09de8df88c85f1b032232a13ad',1),(221,'17BIT064@nirmauni.ac.in','ca85c3bf75586e0d317b58d6dc7e0d06',1),(222,'17BIT065@nirmauni.ac.in','3f4300d0c893dfe7b5c5834796b42de5',1),(223,'17BIT066@nirmauni.ac.in','4cb9c8a8048fd02294477fcb1a41191a',0),(224,'17BIT157@nirmauni.ac.in','64d93fffdbb165c375cc1c5b8bd4dc97',1),(225,'18BIT151@nirmauni.ac.in','1671d2f535d21b09123304874ab18dee',1),(226,'18BIT152@nirmauni.ac.in','aed2ef0c41b79199d04b4d95494c00aa',1),(227,'18BIT153@nirmauni.ac.in','52245993f4cb6c3f2c4fb325bcab619d',1),(228,'18BIT154@nirmauni.ac.in','4cb9c8a8048fd02294477fcb1a41191a',0),(229,'18BIT155@nirmauni.ac.in','af5e0e7bb7859e96754c8e64b0fe16ce',1),(230,'18BIT157@nirmauni.ac.in','c65d369badac85ec436920502dce1195',1),(231,'18BIT158@nirmauni.ac.in','4cb9c8a8048fd02294477fcb1a41191a',0),(232,'18BIT159@nirmauni.ac.in','b6df5fbb2213184d5ad49344459124b3',1),(233,'18BIT160@nirmauni.ac.in','4cb9c8a8048fd02294477fcb1a41191a',0),(234,'16BIT047@nirmauni.ac.in','79b54ccf8143411e2e94fe2aff32242d',1),(235,'17BIT068@nirmauni.ac.in','a52afaff91b12f50c030493b3c8cb125',1),(236,'17BIT069@nirmauni.ac.in','ead7698de348204d8e904cd0ac40a7bd',1),(237,'17BIT070@nirmauni.ac.in','fc1efce1841db38e1588a11e7426445c',1),(238,'17BIT071@nirmauni.ac.in','7ff1f992be721add484b3284a85cb898',1),(239,'17BIT073@nirmauni.ac.in','9baf137d455c20eb3064a7ecfff81b67',1),(240,'17BIT074@nirmauni.ac.in','decf443e24224dc966598fbd90dae3cc',1),(241,'17BIT075@nirmauni.ac.in','d6b80b12133cf0a7bc4319b284626ce8',1),(242,'17BIT076@nirmauni.ac.in','29909d6bc374df77c3d695def2d2059e',1),(243,'17BIT077@nirmauni.ac.in','bcdfbc156d8fc2af50ec6a13746214a2',1),(244,'17BIT078@nirmauni.ac.in','cb1bbeb156479d55f7297bd3772bd6c8',1),(245,'17BIT079@nirmauni.ac.in','652204b1b5974609f05b93913efbc852',1),(246,'17BIT081@nirmauni.ac.in','c7bd3e0490e5c439319e20650d34ab1a',1),(247,'17BIT082@nirmauni.ac.in','10ac8f936fb2e81fcff99665806c1407',1),(248,'17BIT083@nirmauni.ac.in','f3ce3bdce6083bc35223093260819cff',1),(249,'17BIT084@nirmauni.ac.in','d38b99f4c103f0e08da4d303b031639b',1),(250,'17BIT085@nirmauni.ac.in','f6bd2cad0610cd731b309d1fa390b728',1),(251,'17BIT086@nirmauni.ac.in','22daf038f860158942747a7b137d99ea',1),(252,'17BIT087@nirmauni.ac.in','4508c54d2f20a7c3f1c900aee7476463',1),(253,'17BIT088@nirmauni.ac.in','8635ba3d49d66c23f574c077af23f290',1),(254,'17BIT089@nirmauni.ac.in','2e5b39dfc0e578aabeb1bf3ebf6ac7d1',1),(255,'17BIT090@nirmauni.ac.in','8ad23e9227ad5dd310b8366e2bf08322',1),(256,'17BIT091@nirmauni.ac.in','e36ac8a6c0570103c5e005c85fe2a80b',1),(257,'17BIT092@nirmauni.ac.in','16fe7834cb28eee66632060dc75988e1',1),(258,'17BIT093@nirmauni.ac.in','72af373fed3977247d50a27e7f5168b3',1),(259,'17BIT094@nirmauni.ac.in','dc5e136fa4f158d57d7bcc728fa768c1',1),(260,'17BIT095@nirmauni.ac.in','3a349621014202a5919d148b39e7b8e6',1),(261,'17BIT096@nirmauni.ac.in','8eac4493bc9184e47b093c2ac9ff89b1',1),(262,'17BIT097@nirmauni.ac.in','d49e286f4fdb93c5d8ad3b73852d2e2c',1),(263,'17BIT098@nirmauni.ac.in','a33aac3ad2cf06937471e0912a0dfe64',1),(264,'17BIT099@nirmauni.ac.in','4cb9c8a8048fd02294477fcb1a41191a',0),(265,'17BIT100@nirmauni.ac.in','cfc4b9d48ea40e708f06f4ced0615956',1),(266,'17BIT101@nirmauni.ac.in','39504758841025bbb9fa7e5f4c63df4f',1),(267,'17BIT102@nirmauni.ac.in','f89fbcbc49854de3cc56181b7d63698b',1),(268,'17BIT103@nirmauni.ac.in','96551a06932602ee9c33c3b52a1fca60',1),(269,'17BIT104@nirmauni.ac.in','a32dae533027edfe7a585c85686cf9de',1),(270,'17BIT105@nirmauni.ac.in','d9898658d1b668eb9bc96b8f24563597',1),(271,'17BIT106@nirmauni.ac.in','0f055fc104297837ab27d9ae44dc2077',1),(272,'17BIT107@nirmauni.ac.in','db7ea9fce4274ac1e13d9a59c2ec4099',1),(273,'17BIT108@nirmauni.ac.in','17346acc1ff90dcc0483d0a612dc367a',1),(274,'17BIT109@nirmauni.ac.in','70fa95c4c7320951221f9c6d8f253654',1),(275,'17BIT110@nirmauni.ac.in','8281436c7dea3c757ab89dbbeefdabec',1),(276,'17BIT111@nirmauni.ac.in','4cb9c8a8048fd02294477fcb1a41191a',0),(277,'17BIT112@nirmauni.ac.in','d8ca5cd0d9b89a51be65164cdfa62851',1),(278,'17BIT113@nirmauni.ac.in','48186c465842ecfa739598d2bae751ec',1),(279,'17BIT114@nirmauni.ac.in','0f76ee3ca2aed5d1dee2cf4c1f4a8663',1),(280,'17BIT115@nirmauni.ac.in','0b356ca20e68a467018b7c6c66b580fc',1),(281,'17BIT116@nirmauni.ac.in','c34d4c9637e1ef0e4fe3a733dc16b73c',1),(282,'17BIT118@nirmauni.ac.in','dbbcf8597dd914dd17cdb545e4595a76',1),(283,'17BIT119@nirmauni.ac.in','fcddb3a9024a5d5c871184d9fb253781',1),(284,'17BIT120@nirmauni.ac.in','0ec9db5108555075a046dcd48ef81828',1),(285,'17BIT122@nirmauni.ac.in','8268b94994fe49cca499fac6b4eb1ec6',1),(286,'17BIT123@nirmauni.ac.in','4cb9c8a8048fd02294477fcb1a41191a',0),(287,'17BIT124@nirmauni.ac.in','251125c6b86e0a46ef58a78d46012fea',1),(288,'17BIT125@nirmauni.ac.in','ffc2af67f9c90e1465a870f53ac50815',1),(289,'17BIT126@nirmauni.ac.in','34aa0b8f7b4932ab0e2b8ac2c8acb976',1),(290,'17BIT159@nirmauni.ac.in','954588b854d10f3a5147df24c81c4d0e',1),(291,'17BIT160@nirmauni.ac.in','77c6614edd0bfa9a074400870a64a54e',1),(292,'17BIT171@nirmauni.ac.in','69049d738692f91fbe787b66e61fde85',1),(293,'17BIT175@nirmauni.ac.in','4cb9c8a8048fd02294477fcb1a41191a',0),(294,'17BIT176@nirmauni.ac.in','53cbc1f16834ad837cc65f770f02007a',1),(295,'17BIT177@nirmauni.ac.in','75a92bb6669fb822ebd4db6082f9957b',1),(296,'17BIT178@nirmauni.ac.in','7e7f76b1c724a2e9b0b4036891854a8c',1),(297,'18BIT161@nirmauni.ac.in','49ef2823bd1229d19aa626b87059833c',1),(298,'18BIT162@nirmauni.ac.in','b53f214af1c85153eb2f1a6d6de3296a',1),(299,'18BIT163@nirmauni.ac.in','a5ed2a94db3d6a8c49a81a079bfef3c0',1),(300,'18BIT164@nirmauni.ac.in','574bcacba0fde5db603a00ea9b4caa76',1),(301,'18BIT165@nirmauni.ac.in','e8a7d5b4c423b4dac0464aa1d79c42c8',1),(302,'18BIT166@nirmauni.ac.in','b6d887e72db1965fd0f014a2e7fa0a99',1),(303,'18BIT168@nirmauni.ac.in','2e392da81309a0d3dcb50410ea5336e7',1),(304,'18BIT169@nirmauni.ac.in','4cb9c8a8048fd02294477fcb1a41191a',0),(305,'18BIT170@nirmauni.ac.in','985ad96fd9b697810317e19720ddd93d',1),(306,'18BIT171@nirmauni.ac.in','4cb9c8a8048fd02294477fcb1a41191a',0),(307,'18BIT172@nirmauni.ac.in','43289a501a196fc625b8e769d37c24ef',1),(308,'18BIT173@nirmauni.ac.in','3d7bfa5e6c05fd90fdcb921675843e14',1),(309,'18BIT174@nirmauni.ac.in','505dd81365262d8b48dfcf1371bd78c1',1),(310,'18BIT175@nirmauni.ac.in','97cb4dfc51348175d23011610151c884',1);
/*!40000 ALTER TABLE `students` ENABLE KEYS */;
UNLOCK TABLES;

--
-- Table structure for table `titles_allocated`
--

DROP TABLE IF EXISTS `titles_allocated`;
/*!40101 SET @saved_cs_client     = @@character_set_client */;
/*!40101 SET character_set_client = utf8 */;
CREATE TABLE `titles_allocated` (
  `title_id` int(11) NOT NULL AUTO_INCREMENT,
  `title_name` varchar(1000) NOT NULL,
  `student_roll_no` varchar(8) DEFAULT NULL,
  `partner_roll_no` varchar(8) DEFAULT NULL,
  `faculty_name` varchar(100) NOT NULL,
  PRIMARY KEY (`title_id`)
) ENGINE=InnoDB AUTO_INCREMENT=240 DEFAULT CHARSET=latin1 ROW_FORMAT=COMPACT;
/*!40101 SET character_set_client = @saved_cs_client */;

--
-- Dumping data for table `titles_allocated`
--

LOCK TABLES `titles_allocated` WRITE;
/*!40000 ALTER TABLE `titles_allocated` DISABLE KEYS */;
INSERT INTO `titles_allocated` (`title_id`, `title_name`, `student_roll_no`, `partner_roll_no`, `faculty_name`) VALUES (1,'Dense Image Captioning',NULL,NULL,'Prof. Dvijesh Bhatt'),(2,'Object detection from the image',NULL,NULL,'Prof. Dvijesh Bhatt'),(3,'Sentiment Analysis using Text  Summarization',NULL,NULL,'Dr. Jai Prakash Verma'),(4,'GeoScience Data Analytics for Mobility detection and prediction  ',NULL,NULL,'Dr. Jai Prakash Verma'),(5,'STOCK MARKET PREDICTION System',NULL,NULL,'Dr. Jai Prakash Verma'),(6,'Analysis of Immune system for Cancer Research Using Machine Learning',NULL,NULL,'Dr. Jai Prakash Verma'),(7,'Web Based Meeting schedular',NULL,NULL,'Prof. Malaram Kumhar'),(9,'Question paper generator',NULL,NULL,'Prof. Malaram Kumhar'),(10,'e-Learning app for kids',NULL,NULL,'Prof. Malaram Kumhar'),(11,'Recommendation System using Big Data Environment ',NULL,NULL,'Dr. Jai Prakash Verma'),(13,'Emotion-based music player',NULL,NULL,'Prof. Malaram Kumhar'),(14,'Duplicate File Cleaner',NULL,NULL,'Prof. Malaram Kumhar'),(15,'Online leave management system',NULL,NULL,'Prof. Malaram Kumhar'),(16,'Canteen Automation System',NULL,NULL,'Prof. Malaram Kumhar'),(17,'Distance learning website',NULL,NULL,'Prof. Malaram Kumhar'),(18,'Department Budget management system',NULL,NULL,'Prof. Malaram Kumhar'),(19,'Expense Approval and Reimbursement System',NULL,NULL,'Prof. Malaram Kumhar'),(20,'Forgery Detection of Medical Image',NULL,NULL,'Prof. Parita Oza'),(21,'Online footwear management system',NULL,NULL,'Prof. Akhilesh Yatiraj Ladha'),(22,'Telecommunication service improvement suggestion using machine learning',NULL,NULL,'Prof. Akhilesh Yatiraj Ladha'),(23,'Language translator',NULL,NULL,'Prof. Dvijesh Bhatt'),(24,'Video Highlight ',NULL,NULL,'Prof. Vishal U. Parikh'),(25,'Event Detection',NULL,NULL,'Prof. Vishal U. Parikh'),(26,'Object Detection and Tracking',NULL,NULL,'Prof. Vishal U. Parikh'),(27,'Generating 3D view from multiple video of same scene',NULL,NULL,'Prof. Vishal U. Parikh'),(28,'Video Summarization',NULL,NULL,'Prof. Vishal U. Parikh'),(29,'Object Detection',NULL,NULL,'Prof. Vishal U. Parikh'),(30,'Object Tracking',NULL,NULL,'Prof. Vishal U. Parikh'),(31,'3D view genration',NULL,NULL,'Prof. Vishal U. Parikh'),(32,'Video Highlight Analysis',NULL,NULL,'Prof. Vishal U. Parikh'),(33,' Leave Application Management System ',NULL,NULL,'Prof. Deepti Saraswat'),(34,'Video Analysis',NULL,NULL,'Prof. Anuja Nair'),(35,'Sentiment Analysis on Instagram',NULL,NULL,'Prof. Anuja Nair'),(36,'Leave Management and Load Adjustment',NULL,NULL,'Prof. Anuja Nair'),(37,'Smart Parking Assistance System',NULL,NULL,'Prof. Anuja Nair'),(38,'Movie Booking and Review System',NULL,NULL,'Prof. Anuja Nair'),(39,'Subtitle Generation',NULL,NULL,'Prof. Anuja Nair'),(40,'Project Management System',NULL,NULL,'Prof. Anuja Nair'),(41,'Auction System',NULL,NULL,'Prof. Anuja Nair'),(42,'From kids to teenagers to adults - The Face Prediction System ',NULL,NULL,'Dr. Sharda Valiveti'),(43,'Medicine Tracking System using blockchain',NULL,NULL,'Dr. Sharda Valiveti'),(44,'Detection of lesion from Mammogram',NULL,NULL,'Prof. Parita Oza'),(45,'web application for image captioning from video frames',NULL,NULL,'Prof. Shivani Desai'),(46,'Keyframe extraction in video',NULL,NULL,'Prof. Shivani Desai'),(47,'Web application for smart health care',NULL,NULL,'Prof. Shivani Desai'),(48,'Online groceary store',NULL,NULL,'Prof. Shivani Desai'),(49,'Handy attendance manager system',NULL,NULL,'Prof. Shivani Desai'),(50,'Comparative Analysis of Image classification techniques  ',NULL,NULL,'Prof. Parita Oza'),(51,'Course-wise Course Outcome Attainment for Outcome based Education',NULL,NULL,'Dr. Sharda Valiveti'),(52,'User profiling based on Surveillance video',NULL,NULL,'Dr. Sharda Valiveti'),(53,'Image Synthesis ',NULL,NULL,'Prof. Parita Oza'),(54,'Diabetes Prediction Using Data Mining',NULL,NULL,'Prof. Parita Oza'),(55,'Document Management System',NULL,NULL,'Dr. Sharda Valiveti'),(56,'Hybrid Technique For Data Encryption',NULL,NULL,'Prof. Parita Oza'),(57,'Nirma Live System (at department level) : An open platform for discussing any query , issues, sugges',NULL,NULL,'Prof. Deepti Saraswat'),(58,'Game of codes:  \"An Internal Platform for  Coders\" ',NULL,NULL,'Prof. Deepti Saraswat'),(59,'Image Classification using Machine Learning',NULL,NULL,'Prof. Usha Patel'),(60,'Image Augmentation ',NULL,NULL,'Prof. Usha Patel'),(61,'Implementation of PCA, LDA and ICA',NULL,NULL,'Prof. Usha Patel'),(62,'Road Safety Volunteerism & Awareness',NULL,NULL,'Prof. Rachana Mehta'),(63,'Diverting Public Complaints based on textual analysis',NULL,NULL,'Prof. Rachana Mehta'),(64,'Implementation of different types of filter ',NULL,NULL,'Prof. Usha Patel'),(65,'clustering techniques in machine learning',NULL,NULL,'Prof. Usha Patel'),(66,'Personalized PBAS system',NULL,NULL,'Prof. Usha Patel'),(67,'Restaurant Management System',NULL,NULL,'Prof. Chirag Nathwani'),(69,'public key cryptography',NULL,NULL,'Prof. Usha Patel'),(70,'Book/Material Sharing Application',NULL,NULL,'Prof. Chirag Nathwani'),(71,'Online Mentoring System',NULL,NULL,'Prof. Chirag Nathwani'),(72,'Personal schedule manager',NULL,NULL,'Prof. Chirag Nathwani'),(73,'Different types of transformation',NULL,NULL,'Prof. Usha Patel'),(74,'Student registration system ',NULL,NULL,'Prof. Usha Patel'),(75,'Alumni data management system',NULL,NULL,'Prof. Usha Patel'),(76,'Diabetic Retinopathy Detection using Image Analysis',NULL,NULL,'Prof. Parita Oza'),(77,'Generative Adversarial Network based image generation',NULL,NULL,'Dr. Priyanka Sharma'),(78,'MRI image based diagnostics using CLARA  SDK ',NULL,NULL,'Dr. Priyanka Sharma'),(79,'Survey of deep learning for block chains based applications',NULL,NULL,'Dr. Priyanka Sharma'),(80,'Development of Visual interfaces for Machine Learning based training',NULL,NULL,'Dr. Priyanka Sharma'),(81,'Blockchain-based Security System for Healthcare 4.0',NULL,NULL,'Dr. Sudeep Tanwar'),(82,'IoT-based smart parking assistance system',NULL,NULL,'Dr. Sudeep Tanwar'),(83,'Secure Demand Response Management in Smart Grid Systems',NULL,NULL,'Dr. Sudeep Tanwar'),(84,'Content Centric Networking based Secure Decentralized Data Management in V2G Environment',NULL,NULL,'Dr. Sudeep Tanwar'),(85,'Secure and energy-efficient scheme for network selection in D2D communication ',NULL,NULL,'Dr. Sudeep Tanwar'),(86,'Secure Resource Allocation Framework for D2D Communication',NULL,NULL,'Dr. Sudeep Tanwar'),(87,'Design and Implementation of a Wi-Fi Based Home Automation System',NULL,NULL,'Dr. Vijay Ukani'),(88,'Smart Irrigation System',NULL,NULL,'Dr. Vijay Ukani'),(89,'Smart Farm Surveillance',NULL,NULL,'Dr. Vijay Ukani'),(90,'Real-Time Driving Monitor System: Combined Cloud Database with GPS.',NULL,NULL,'Dr. Vijay Ukani'),(91,'Examination management system',NULL,NULL,'Prof. Akhilesh Yatiraj Ladha'),(92,'Elective subject allocation',NULL,NULL,'Prof. Akhilesh Yatiraj Ladha'),(93,'Face recognition based attendance system',NULL,NULL,'Dr. Vijay Ukani'),(94,'Usage of Public transport service like buses by citizen and optimize the schedule',NULL,NULL,'Prof. Akhilesh Yatiraj Ladha'),(95,'Route suggestion for public transport buses',NULL,NULL,'Prof. Akhilesh Yatiraj Ladha'),(96,'Seating pattern in exam to minimize copying attempts',NULL,NULL,'Prof. Akhilesh Yatiraj Ladha'),(97,'Complaint management system',NULL,NULL,'Prof. Akhilesh Yatiraj Ladha'),(98,'Fixed Asset E-Passbook',NULL,NULL,'Prof. Akhilesh Yatiraj Ladha'),(99,'Sentiment analysis',NULL,NULL,'Prof. Preksha A. Pareek'),(100,'Video classification',NULL,NULL,'Prof. Preksha A. Pareek'),(101,'Feature extraction',NULL,NULL,'Prof. Preksha A. Pareek'),(102,'Few shot learning',NULL,NULL,'Prof. Preksha A. Pareek'),(103,'City Guide Application',NULL,NULL,'Prof. Kavita Tewani'),(104,'Simulation of Memory management algorithm in C',NULL,NULL,'Dr. K P Agrawal'),(105,'Simulation of CPU Scheduling  algorithm in C',NULL,NULL,'Dr. K P Agrawal'),(106,'House Hunt App',NULL,NULL,'Prof. Kavita Tewani'),(107,'Event Management System',NULL,NULL,'Prof. Tejal Upadhyay'),(108,'Classification using appropriate data set',NULL,NULL,'Dr. K P Agrawal'),(109,'Clustering  using appropriate data set',NULL,NULL,'Dr. K P Agrawal'),(110,'Speech stress analysis',NULL,NULL,'Prof. Kavita Tewani'),(111,'College Connect',NULL,NULL,'Prof. Tejal Upadhyay'),(112,'Head line generation',NULL,NULL,'Prof. Kavita Tewani'),(113,'Home Automation System',NULL,NULL,'Prof Kruti Lavingia'),(114,'Student Evaluation Management System',NULL,NULL,'Prof. Ajay M Patel'),(115,'Inventory Management System',NULL,NULL,'Prof. Ajay M Patel'),(116,'Sticky notes',NULL,NULL,'Prof. Ajay M Patel'),(117,'Food Review System',NULL,NULL,'Prof. Ajay M Patel'),(118,'Electronic Voting using  blockchain',NULL,NULL,'Dr. K P Agrawal'),(119,'Question paper generator system',NULL,NULL,'Prof. Ajay M Patel'),(120,'Insurance management using block chain technology',NULL,NULL,'Dr. K P Agrawal'),(121,'Personnel Management System',NULL,NULL,'Dr. K P Agrawal'),(122,'Interactive Educational Deskboard for School Children ',NULL,NULL,'Prof. Vipul Chudasama'),(123,'Personality Prediction System Through CV Analysis',NULL,NULL,'Prof. Tejal Upadhyay'),(124,'Simulation of cryptocurrencies trade system using blockchain',NULL,NULL,'Dr. K P Agrawal'),(125,'Voice based Attendance system',NULL,NULL,'Prof. Sapan Mankad'),(126,'JAVA simulation of automated Gate operation and Intractive display System',NULL,NULL,'Prof. Vipul Chudasama'),(127,'cloud resource management',NULL,NULL,'Prof Vivek K Prasad'),(128,'Monitoring of cloud resources ',NULL,NULL,'Prof Vivek K Prasad'),(129,'Webbased reminder system',NULL,NULL,'Dr. K P Agrawal'),(130,'Prediction of cloud resources ',NULL,NULL,'Prof Vivek K Prasad'),(131,'Micro services for cloud resource monitoring',NULL,NULL,'Prof Vivek K Prasad'),(132,'Virtual lab for cloud computing',NULL,NULL,'Prof. Vipul Chudasama'),(133,'micro services and cloud resource prediction',NULL,NULL,'Prof Vivek K Prasad'),(134,'Micro services and green cloud computing ',NULL,NULL,'Prof Vivek K Prasad'),(135,'Intelligent decision making system for safe cloud resource management ',NULL,NULL,'Prof Vivek K Prasad'),(136,'Fraud detection with big data analytics',NULL,NULL,'Prof Jigna A Patel'),(137,'Karaoke Generator',NULL,NULL,'Prof. Sapan Mankad'),(138,'big data analytics and election',NULL,NULL,'Prof Jigna A Patel'),(139,'big data analytics and diabetes',NULL,NULL,'Prof Jigna A Patel'),(140,'smart city development through big data analytics',NULL,NULL,'Prof Jigna A Patel'),(141,' Object Identification and Displacement Analysis using ML Techniques',NULL,NULL,'Prof. Shivani Desai'),(142,' IoT based smart parking assistance system',NULL,NULL,'Prof. Shivani Desai'),(143,' Image Classifier using TenserFlow',NULL,NULL,'Prof. Shivani Desai'),(144,'Maze Solver',NULL,NULL,'Prof. Shivani Desai'),(145,'Sentiment Analysis',NULL,NULL,'Prof. Dvijesh Bhatt'),(146,'Power Management ',NULL,NULL,'Prof Monika Shah'),(147,'GATE Score Predictor tool',NULL,NULL,'Prof. Dhaval S Jha'),(148,'Document Management system',NULL,NULL,'Prof. Dvijesh Bhatt'),(149,'Community service management Tool',NULL,NULL,'Prof. Dvijesh Bhatt'),(150,'Usage based Power Profile scheduling',NULL,NULL,'Prof Monika Shah'),(151,'Image Manipulation using Quadtrees',NULL,NULL,'Prof. Dhaval S Jha'),(152,'Course Learning outcome generation',NULL,NULL,'Prof. Dvijesh Bhatt'),(153,'Vehicle Pooling System ',NULL,NULL,'Prof. Deepti Saraswat'),(154,'Energy trading for smart electric vehicles for Vehicle-to-Grid using Software Defined Networking',NULL,NULL,'Prof. Pronaya Bhattacharya'),(155,'A survey on Anomaly detection in IoT sensors in IoT sites using machine learning approaches',NULL,NULL,'Prof. Pronaya Bhattacharya'),(156,'Phishing detection using Machine Learning techniques',NULL,NULL,'Prof. Pronaya Bhattacharya'),(157,'Customer Churn behavior prediction using deep-learning approaches in telecomm sector',NULL,NULL,'Prof. Pronaya Bhattacharya'),(158,'Information  transparency for buliding blockchain enabled smart recruitment system',NULL,NULL,'Prof. Pronaya Bhattacharya'),(159,'Hotel recommendation system based on online reviews',NULL,NULL,'Prof. Pronaya Bhattacharya'),(160,'A trust management system for passenger riding in OLA/UBER using blockchain',NULL,NULL,'Prof. Pronaya Bhattacharya'),(161,'Context based recommender system',NULL,NULL,'Prof. Jitali Patel'),(162,'Movie Success Prediction Using Data Mining ',NULL,NULL,'Prof. Pronaya Bhattacharya'),(163,'Product Recommendation using sentiment analysis',NULL,NULL,'Prof. Jitali Patel'),(164,'Human Action Recognition System',NULL,NULL,'Prof. Pooja P Shah'),(165,'Alexa Skill development',NULL,NULL,'Prof. Pooja P Shah'),(166,'Toddler Safety System',NULL,NULL,'Prof. Pooja P Shah'),(167,'Ship detection from oceanic images',NULL,NULL,'Prof. Pooja P Shah'),(168,'Voice Source Detector',NULL,NULL,'Prof. Sapan Mankad'),(169,'Musical Instrument Recognition',NULL,NULL,'Prof. Sapan Mankad'),(170,'Image Captioning',NULL,NULL,'Prof Rupal A Kapdi'),(171,'Image Classification',NULL,NULL,'Prof Rupal A Kapdi'),(172,'2D Image Segmentation',NULL,NULL,'Prof Rupal A Kapdi'),(173,'3D image segmentation',NULL,NULL,'Prof Rupal A Kapdi'),(174,'Survival Prediction of tumor patients',NULL,NULL,'Prof Rupal A Kapdi'),(175,'Automatic Number Plate Recognition',NULL,NULL,'Prof. Parita Oza'),(176,'Image Steganography with Encryption',NULL,NULL,'Prof. Parita Oza'),(177,'Image Transformation',NULL,NULL,'Prof. Parita Oza'),(178,'Analysis and implementation of restoration algorithms for medical images',NULL,NULL,'Prof. Parita Oza'),(179,'Implementation and comparative analysis of Homomorphic Cryptography Techniques',NULL,NULL,'Prof. Parita Oza'),(180,'Timetable Generator',NULL,NULL,'Dr Pimal Khanpara'),(181,'Student Information System',NULL,NULL,'Dr Pimal Khanpara'),(182,'Project Information Management System',NULL,NULL,'Dr Pimal Khanpara'),(183,'Voice enabled email system',NULL,NULL,'Dr Pimal Khanpara'),(184,'Smart Bin',NULL,NULL,'Dr Pimal Khanpara'),(185,'Smart Pantry',NULL,NULL,'Dr Pimal Khanpara'),(186,'graph construction and similarity measures ',NULL,NULL,'Prof Tarjni Vyas'),(187,'Exam hall seating arrangement ',NULL,NULL,'Dr Pimal Khanpara'),(188,'Smart water sprinkler ',NULL,NULL,'Dr Pimal Khanpara'),(189,'Voice based attendance',NULL,NULL,'Dr Pimal Khanpara'),(190,'word sense disambiguation for indian language ',NULL,NULL,'Prof Tarjni Vyas'),(191,'Gujarati novel meaning system',NULL,NULL,'Prof Tarjni Vyas'),(192,'Face Recognition based Attendance System',NULL,NULL,'Dr. Priyank Thakkar'),(193,'Helmet Detection',NULL,NULL,'Dr. Priyank Thakkar'),(194,'Audio-Visual Scene aware Dialog',NULL,NULL,'Dr. Priyank Thakkar'),(195,'Counting Product bags on the Conveyor Belt',NULL,NULL,'Dr. Priyank Thakkar'),(196,'Blockchain based secure E-voting decentralised application',NULL,NULL,'Prof. Pronaya Bhattacharya'),(198,'Stock trend prediction using Machine Learning',NULL,NULL,'Dr. Ankit Thakkar'),(199,'Network Attacks classification using machine learning',NULL,NULL,'Dr. Ankit Thakkar'),(200,'Sentiment analysis using machine learning',NULL,NULL,'Dr. Ankit Thakkar'),(201,'Evolutionary machine learning',NULL,NULL,'Dr. Ankit Thakkar'),(202,'Development of Campus Online Course Portal',NULL,NULL,'Dr. Smita Darandale'),(203,'Sports Event Management System',NULL,NULL,'Dr. Smita Darandale'),(204,'Development of Feedback Analysis of Interview ',NULL,NULL,'Dr. Smita Darandale'),(205,'Hospital Service Management',NULL,NULL,'Dr. Smita Darandale'),(206,'Seat Occupancy Detection in Public Transport Vehicle',NULL,NULL,'Dr Zunnun Narmawala'),(207,'Seat Occupancy Detection in Public Transport Vehicle',NULL,NULL,'Dr Zunnun Narmawala'),(208,'Automatic Air Conditioner On/Off',NULL,NULL,'Dr Zunnun Narmawala'),(209,'Automatic Air Conditioner On/Off',NULL,NULL,'Dr Zunnun Narmawala'),(210,'Automatic Window Operation',NULL,NULL,'Dr Zunnun Narmawala'),(211,'Automatic Window Operation',NULL,NULL,'Dr Zunnun Narmawala'),(212,'Nirma Bus Tracking',NULL,NULL,'Dr Zunnun Narmawala'),(213,'Nirma Bus Tracking',NULL,NULL,'Dr Zunnun Narmawala'),(214,'Optimal Route Selection in Multi-modal Public Trasport',NULL,NULL,'Dr Zunnun Narmawala'),(215,'Optimal Route Selection in Multi-modal Public Trasport',NULL,NULL,'Dr Zunnun Narmawala'),(216,'Surveillance system',NULL,NULL,'Prof. Anitha Modi'),(217,'Object counting in images',NULL,NULL,'Prof. Anitha Modi'),(218,'Decision support system for farmers ',NULL,NULL,'Prof. Anitha Modi'),(219,'Voice to text converter',NULL,NULL,'Prof. Anitha Modi'),(220,'land estimation from aerial images',NULL,NULL,'Prof. Anitha Modi'),(221,'Maintenance prediction for Machine based on Temporal Data',NULL,NULL,'Dr. Swati Jain'),(222,'Estimation of the mental health of an Individual based n different medical history.',NULL,NULL,'Dr. Swati Jain'),(223,'Breast cancer prediction on SEER data',NULL,NULL,'Dr. Swati Jain'),(224,'Mining of relevant information in a operational manual',NULL,NULL,'Dr. Swati Jain'),(225,'Blockchain based Decentralized Banking application',NULL,NULL,'Dr. Gaurang Raval'),(226,'Biometric Stamp Reminder App',NULL,NULL,'Dr. Gaurang Raval'),(227,'GPS- tracking the route',NULL,NULL,'Prof. Ashwin Verma'),(228,'Facebook sentiment analysis',NULL,NULL,'Prof. Ashwin Verma'),(229,'Natural Language Processing',NULL,NULL,'Prof. Ashwin Verma'),(230,'Area calculation on image',NULL,NULL,'Prof. Ashwin Verma'),(231,'Browser automation Whatsapp',NULL,NULL,'Prof. Ashwin Verma'),(232,'Cloud Data Security',NULL,NULL,'Prof. Ashwin Verma'),(233,'Intrusion detection Algorithm',NULL,NULL,'Prof. Ashwin Verma'),(234,'Online: Students Mentoring System for ITNU',NULL,NULL,'Prof. Daiwat Vyas'),(235,'Nirma Canteen Food Order Management System',NULL,NULL,'Prof. Daiwat Vyas'),(236,'NUConnect: An application to connect staff, students and faculties of Nirma University',NULL,NULL,'Prof. Daiwat Vyas'),(237,'To design blockchain based network management framework for IoT devices',NULL,NULL,'Mr Bodkhe Umesh Sakharam'),(238,'To develop SDN based network management framework for IoT devices',NULL,NULL,'Mr Bodkhe Umesh Sakharam'),(239,'Secured IoT based smart irrigation system',NULL,NULL,'Mr Bodkhe Umesh Sakharam');
/*!40000 ALTER TABLE `titles_allocated` ENABLE KEYS */;
UNLOCK TABLES;

--
-- Table structure for table `titles_allocated2`
--

DROP TABLE IF EXISTS `titles_allocated2`;
/*!40101 SET @saved_cs_client     = @@character_set_client */;
/*!40101 SET character_set_client = utf8 */;
CREATE TABLE `titles_allocated2` (
  `title_id` int(11) NOT NULL,
  `title_name` varchar(1000) NOT NULL,
  `student_roll_no` varchar(8) DEFAULT NULL,
  `partner_roll_no` varchar(8) DEFAULT NULL,
  `faculty_name` varchar(100) NOT NULL,
  KEY `title_id` (`title_id`)
) ENGINE=InnoDB DEFAULT CHARSET=latin1;
/*!40101 SET character_set_client = @saved_cs_client */;

--
-- Dumping data for table `titles_allocated2`
--

LOCK TABLES `titles_allocated2` WRITE;
/*!40000 ALTER TABLE `titles_allocated2` DISABLE KEYS */;
/*!40000 ALTER TABLE `titles_allocated2` ENABLE KEYS */;
UNLOCK TABLES;

--
-- Dumping events for database 'dhruval_5CEITMP2'
--

--
-- Dumping routines for database 'dhruval_5CEITMP2'
--
/*!40103 SET TIME_ZONE=@OLD_TIME_ZONE */;

/*!40101 SET SQL_MODE=@OLD_SQL_MODE */;
/*!40014 SET FOREIGN_KEY_CHECKS=@OLD_FOREIGN_KEY_CHECKS */;
/*!40014 SET UNIQUE_CHECKS=@OLD_UNIQUE_CHECKS */;
/*!40101 SET CHARACTER_SET_CLIENT=@OLD_CHARACTER_SET_CLIENT */;
/*!40101 SET CHARACTER_SET_RESULTS=@OLD_CHARACTER_SET_RESULTS */;
/*!40101 SET COLLATION_CONNECTION=@OLD_COLLATION_CONNECTION */;
/*!40111 SET SQL_NOTES=@OLD_SQL_NOTES */;

-- Dump completed on 2019-07-24 14:05:12
